CustID,Choice (0/1),Gender,Amount purchased,Frequency,Last purchase,First purchase,P_History,P_Science,P_Business,P_Educ,P_Health
21623,1,0,88,12,2,14,0,0,1,0,0
21626,1,1,37,12,2,14,0,1,0,1,0
21627,1,1,204,12,2,14,0,1,0,0,1
21632,1,1,276,10,2,14,0,0,1,1,0
21640,1,0,172,8,2,14,0,0,1,0,0
21648,1,1,266,6,2,14,0,0,0,1,1
21653,1,1,297,8,3,14,0,1,0,0,1
21654,1,0,203,12,1,12,0,0,0,1,0
21655,1,0,135,12,1,12,0,0,0,0,0
21656,1,0,256,12,1,12,0,0,0,0,1
21670,1,1,144,12,1,12,0,1,0,0,0
21671,1,1,130,12,1,12,0,0,0,1,0
21672,1,1,237,12,1,12,0,0,1,0,0
21673,1,1,272,12,1,12,0,0,0,0,0
21674,1,1,192,12,1,12,0,0,0,0,1
21675,1,1,97,12,1,12,0,0,0,0,1
21676,1,1,253,12,1,12,0,0,1,0,0
21721,1,1,254,10,2,12,0,0,1,0,1
21730,1,0,180,8,2,12,0,1,0,1,0
21731,1,0,147,8,2,12,0,0,0,0,1
21732,1,0,230,8,2,12,0,0,1,0,0
21734,1,1,118,8,2,12,0,0,0,1,0
21737,1,0,280,6,2,12,0,2,0,0,0
21744,1,0,122,2,3,12,0,0,0,0,1
21745,1,0,223,10,1,10,0,0,0,0,1
21746,1,0,48,10,1,10,0,1,0,0,0
21747,1,0,192,10,1,10,0,0,1,0,0
21748,1,0,174,10,1,10,0,0,0,0,1
21749,1,0,85,10,1,10,0,0,0,0,0
21750,1,0,179,10,1,10,0,0,0,0,1
21751,1,0,154,10,1,10,0,0,1,0,0
21752,1,0,271,10,1,10,0,0,0,0,1
21753,1,0,306,10,1,10,0,0,0,0,1
21762,1,1,161,10,1,10,0,0,0,0,1
21763,1,1,66,10,1,10,0,0,1,0,0
21764,1,1,295,10,1,10,0,0,1,0,0
21765,1,1,253,10,1,10,0,0,0,0,1
21766,1,1,262,10,1,10,0,0,0,1,0
21767,1,1,216,10,1,10,0,1,0,0,0
21768,1,1,241,10,1,10,0,0,1,0,0
21769,1,1,49,10,1,10,0,1,0,0,0
21770,1,1,216,10,1,10,0,0,0,0,0
21771,1,1,55,10,1,10,0,0,0,0,1
21772,1,1,76,10,1,10,0,0,0,0,1
21773,1,1,162,10,1,10,0,0,0,0,1
21806,1,1,312,8,2,10,0,0,0,1,0
21807,1,0,196,6,2,10,0,0,0,0,1
21808,1,0,78,6,2,10,0,0,0,0,0
21812,1,0,77,4,2,10,0,1,0,0,0
21815,1,0,249,2,2,10,0,0,1,0,1
21818,1,1,315,2,2,10,0,0,0,0,2
21819,1,1,305,2,2,10,0,0,1,1,0
21822,1,1,47,2,3,10,0,0,0,0,2
21823,1,0,151,8,1,8,0,0,0,1,0
21824,1,0,306,8,1,8,0,0,1,0,0
21825,1,0,228,8,1,8,0,0,0,0,1
21826,1,0,213,8,1,8,0,0,0,0,0
21827,1,0,183,8,1,8,0,0,0,0,1
21834,1,1,113,8,1,8,0,1,0,0,0
21835,1,1,274,8,1,8,0,0,0,0,1
21836,1,1,236,8,1,8,0,0,0,0,0
21837,1,1,313,8,1,8,0,0,0,0,0
34217,1,1,418,6,11,66,0,2,3,2,3
34218,1,1,391,6,10,64,0,0,5,1,2
34219,1,0,258,28,7,60,0,1,1,1,1
34228,1,1,311,14,9,50,0,1,2,1,0
34229,1,1,266,10,9,50,0,0,5,0,2
34230,1,0,148,6,9,48,0,1,1,1,2
34232,1,1,247,16,5,46,0,1,0,0,2
34233,1,1,154,10,7,46,0,2,0,1,1
34235,1,0,164,10,9,46,0,2,3,0,0
34238,1,0,384,2,7,44,0,1,1,3,2
34242,1,1,330,16,5,42,0,0,1,0,2
34251,1,0,202,10,6,40,0,0,0,0,3
34254,1,1,234,8,8,40,0,2,0,0,3
34265,1,1,172,14,5,38,0,0,1,2,1
34282,1,1,38,34,1,34,0,0,0,0,0
34291,1,1,245,18,4,34,0,0,0,0,1
34304,1,0,102,16,3,32,0,0,0,0,1
34307,1,0,194,16,4,32,0,0,1,1,2
34309,1,0,296,8,6,32,0,1,2,0,2
34313,1,1,288,30,1,30,0,0,0,1,0
34314,1,1,245,30,1,30,0,0,0,0,1
34334,1,1,249,14,4,30,0,0,0,0,2
34336,1,1,273,14,5,30,0,0,0,1,2
34338,1,0,274,10,5,30,0,1,1,0,2
34340,1,0,243,28,1,28,0,1,0,0,0
34357,1,0,285,16,4,28,0,0,3,0,0
34358,1,1,60,14,4,28,0,0,1,0,1
34361,1,1,289,4,6,28,0,0,2,1,1
34362,1,0,39,26,1,26,0,1,0,0,0
34370,1,0,100,22,2,26,0,0,0,1,1
34374,1,0,350,12,4,26,0,0,0,1,2
34375,1,1,75,4,4,26,0,1,0,1,0
34376,1,1,302,10,5,26,0,0,0,1,2
34377,1,1,149,2,5,26,0,1,1,0,3
34379,1,0,252,24,1,24,0,0,0,0,0
34380,1,0,253,24,1,24,0,0,1,0,0
34566,1,1,268,8,4,30,1,1,0,0,2
34573,1,0,139,10,9,30,1,3,1,2,0
34578,1,0,136,6,5,28,1,1,2,0,1
34579,1,1,150,6,5,28,1,0,2,1,0
34580,1,0,188,4,5,28,1,0,2,1,1
34594,1,0,122,8,7,26,1,0,2,1,1
34595,1,0,130,22,2,24,1,1,0,0,0
34599,1,1,243,16,2,24,1,0,1,0,0
34608,1,0,179,8,5,24,1,1,2,0,0
34609,1,1,232,2,5,24,1,2,0,0,0
34610,1,1,94,2,6,24,1,1,2,1,0
34620,1,1,239,14,2,22,1,0,1,0,0
34621,1,1,297,14,2,22,1,0,0,0,0
34654,1,0,139,12,2,20,1,0,0,0,0
34662,1,1,338,2,5,20,1,0,0,1,2
34670,1,1,247,16,2,18,1,0,0,0,0
34673,1,0,130,14,2,18,1,0,0,0,0
34681,1,1,302,12,2,18,1,0,1,0,0
34688,1,1,251,10,2,18,1,0,0,0,1
34689,1,1,88,10,2,18,1,0,0,0,0
34695,1,0,129,4,3,18,1,0,0,1,1
34698,1,1,159,4,7,18,1,0,1,0,1
34699,1,0,17,16,1,16,1,0,0,0,0
34704,1,1,249,16,1,16,1,0,0,0,0
34726,1,1,241,10,2,16,1,0,0,0,0
34727,1,1,299,10,2,16,1,0,1,0,0
34728,1,1,276,10,2,16,1,0,0,0,0
34733,1,0,90,2,3,16,1,0,1,1,0
34734,1,0,115,2,3,16,1,0,0,1,0
34735,1,1,72,6,4,16,1,0,1,0,2
34736,1,0,195,4,4,16,1,0,1,0,1
34738,1,0,285,14,1,14,1,0,0,0,0
34752,1,1,286,12,2,14,1,0,0,0,1
34755,1,1,74,10,2,14,1,0,0,0,1
34765,1,0,85,6,4,14,1,0,1,0,2
34783,1,0,225,8,2,12,1,0,0,0,0
34785,1,1,276,8,2,12,1,0,1,0,0
42530,1,1,315,14,4,24,0,1,0,0,1
42531,1,0,287,12,4,24,0,3,0,0,1
42538,1,1,274,22,1,22,0,0,0,0,0
42548,1,1,73,16,2,22,0,1,0,0,1
42549,1,1,318,16,2,22,0,0,0,0,1
42558,1,1,204,14,2,22,0,0,1,0,0
42559,1,1,211,14,2,22,0,0,1,0,1
42560,1,1,290,14,2,22,0,1,0,0,1
42565,1,1,187,16,3,22,0,0,1,0,1
42568,1,0,213,10,3,22,0,1,0,0,2
42572,1,0,352,2,6,22,0,2,1,0,2
42573,1,0,183,20,1,20,0,0,0,0,1
42583,1,0,229,16,2,20,0,0,1,0,0
42588,1,0,142,14,2,20,0,0,0,0,1
42589,1,0,126,14,2,20,0,0,1,1,0
42590,1,0,222,14,2,20,0,0,0,0,1
42593,1,1,64,14,2,20,0,0,0,0,2
42598,1,0,230,12,2,20,0,0,1,0,0
42599,1,0,111,12,2,20,0,0,0,0,0
42605,1,0,316,12,3,20,0,0,0,0,1
42606,1,0,148,6,4,20,0,1,1,0,2
42607,1,1,267,2,4,20,0,1,1,0,1
42608,1,1,133,2,8,20,0,2,2,0,0
42617,1,0,240,16,2,18,0,1,1,0,0
42619,1,1,125,16,2,18,0,0,0,0,0
42624,1,0,321,14,2,18,0,0,0,1,1
42625,1,0,274,14,2,18,0,0,0,0,1
42629,1,1,72,14,2,18,0,0,0,0,1
42634,1,0,187,12,2,18,0,0,1,0,0
42639,1,1,179,12,2,18,0,1,0,0,1
42649,1,0,251,10,2,18,0,0,2,0,0
42650,1,0,193,10,2,18,0,0,1,0,1
42652,1,1,163,10,2,18,0,0,1,0,0
42660,1,0,119,4,3,18,0,0,1,0,0
42661,1,0,320,2,3,18,0,0,0,1,2
42666,1,0,287,16,1,16,0,0,0,0,0
42667,1,0,36,16,1,16,0,0,1,0,0
42668,1,0,28,16,1,16,0,0,0,0,0
42669,1,0,81,16,1,16,0,0,0,1,0
42670,1,0,243,16,1,16,0,0,0,0,1
42683,1,1,272,16,1,16,0,0,0,0,1
42684,1,1,229,16,1,16,0,0,0,0,0
42685,1,1,75,16,1,16,0,0,0,0,0
42686,1,1,59,16,1,16,0,0,0,1,0
42723,1,0,276,14,2,16,0,0,0,0,1
42732,1,0,287,12,2,16,0,0,0,0,0
42734,1,1,281,12,2,16,0,0,1,0,1
42744,1,0,102,10,2,16,0,0,1,0,1
42746,1,1,307,10,2,16,0,0,0,0,2
42747,1,1,35,10,2,16,0,0,0,1,1
42752,1,0,72,8,2,16,0,1,0,0,1
42758,1,1,340,8,3,16,0,0,0,0,2
42759,1,1,175,8,3,16,0,0,2,0,1
42760,1,1,82,6,3,16,0,1,0,1,0
42762,1,1,237,6,4,16,0,0,1,0,3
42764,1,1,127,2,4,16,0,1,0,1,1
42766,1,0,18,14,1,14,0,1,0,0,0
42767,1,0,181,14,1,14,0,0,0,0,0
42768,1,0,206,14,1,14,0,0,0,0,0
42769,1,0,33,14,1,14,0,0,0,0,1
42780,1,1,177,14,1,14,0,0,0,1,0
42781,1,1,80,14,1,14,0,0,0,1,0
42782,1,1,248,14,1,14,0,0,1,0,0
42783,1,1,143,14,1,14,0,0,0,0,0
44433,1,1,168,6,2,12,1,0,0,0,1
44436,1,0,115,4,2,12,1,0,1,0,0
44437,1,0,322,4,2,12,1,0,0,1,0
44444,1,1,250,10,1,10,1,0,0,0,0
44445,1,1,280,10,1,10,1,0,0,0,0
44461,1,1,108,6,2,10,1,0,1,0,0
44467,1,0,171,2,2,10,1,0,1,0,0
44471,1,0,304,2,3,10,1,0,0,0,1
44473,1,0,103,8,1,8,1,0,0,0,0
44474,1,0,285,8,1,8,1,0,0,0,0
44481,1,1,307,8,1,8,1,0,0,0,0
44490,1,0,118,6,2,8,1,0,0,0,0
44491,1,1,163,6,2,8,1,0,1,0,0
44494,1,0,256,4,2,8,1,0,1,0,0
44495,1,1,314,4,2,8,1,0,0,1,0
44496,1,1,303,4,2,8,1,0,0,0,0
44499,1,1,235,2,2,8,1,0,0,0,0
44504,1,1,65,6,1,6,1,0,0,0,0
44505,1,1,92,6,1,6,1,0,0,0,0
44516,1,0,228,4,2,6,1,0,1,0,0
44517,1,0,140,4,2,6,1,0,0,0,0
44521,1,0,80,2,2,6,1,0,1,0,0
44524,1,0,17,4,1,4,1,0,0,0,0
44535,1,0,216,2,2,4,1,0,0,1,0
44537,1,0,314,2,1,2,1,0,0,0,0
44538,1,0,165,2,1,2,1,0,0,0,0
44539,1,0,292,2,1,2,1,0,0,0,0
44543,1,1,140,2,1,2,1,0,0,0,0
44544,1,1,183,2,1,2,1,0,0,0,0
44545,1,1,245,2,1,2,1,0,0,0,0
44552,1,0,330,14,12,84,2,0,3,3,3
44557,1,1,215,6,11,66,2,1,4,1,2
44560,1,1,176,8,11,64,2,0,2,0,3
44562,1,1,198,2,12,62,2,3,2,1,2
44563,1,1,355,10,10,60,2,0,2,1,3
44568,1,0,352,16,7,56,2,0,1,1,0
44572,1,1,277,14,7,54,2,0,0,1,3
44575,1,0,243,12,9,52,2,1,1,1,3
44576,1,0,400,6,11,52,2,0,4,2,3
44579,1,0,191,16,8,50,2,1,1,1,1
44580,1,1,222,14,9,50,2,1,1,1,4
44584,1,1,315,12,10,48,2,1,1,2,2
44590,1,1,159,10,9,46,2,0,1,0,5
44591,1,0,410,12,11,46,2,0,4,2,2
44592,1,1,474,12,12,46,2,1,1,1,4
44599,1,1,180,16,5,42,2,0,0,1,1
44600,1,0,97,16,6,42,2,1,2,0,1
44607,1,1,385,4,9,40,2,0,2,2,2
44608,1,0,185,10,10,40,2,1,3,1,2
44612,1,1,138,10,7,38,2,0,0,0,1
44615,1,1,261,6,11,38,2,0,3,3,2
44616,1,1,404,4,11,38,2,1,1,2,2
44617,1,1,339,10,6,36,2,1,0,0,2
44618,1,1,210,2,6,36,2,0,1,0,1
44626,1,1,336,18,6,32,2,0,1,1,2
44628,1,1,202,8,11,32,2,0,1,1,2
44632,1,1,263,4,6,30,2,0,2,1,1
44638,1,0,338,16,5,28,2,1,1,1,0
44640,1,0,219,10,6,28,2,0,1,0,2
44649,1,0,385,4,10,26,2,0,1,3,0
44654,1,0,234,8,5,24,2,0,0,1,2
44660,1,0,270,4,4,22,2,2,0,0,0
44662,1,0,244,6,5,22,2,1,0,0,1
44663,1,0,356,4,6,22,2,1,0,1,0
44664,1,1,207,4,7,22,2,1,1,0,1
44665,1,1,428,2,9,22,2,1,1,0,2
44666,1,0,360,2,10,22,2,1,1,3,1
44672,1,0,200,16,2,18,2,0,0,0,0
44676,1,0,343,4,4,18,2,1,0,0,1
44686,1,0,273,10,2,12,2,0,0,0,0
44688,1,0,267,6,3,12,2,0,0,0,0
44689,1,0,145,6,3,12,2,0,0,1,0
44690,1,0,223,2,3,12,2,0,0,0,1
44692,1,0,248,6,2,10,2,0,0,0,0
44695,1,0,218,4,2,6,2,0,0,0,0
44699,1,1,451,12,11,78,3,0,3,0,3
44702,1,1,322,12,12,74,3,2,1,1,4
44703,1,1,367,12,12,72,3,0,3,0,1
44709,1,1,351,10,9,62,3,1,2,1,2
44710,1,1,224,10,10,62,3,0,2,0,3
44724,1,1,393,12,11,50,3,0,3,0,2
44728,1,0,414,2,8,46,3,1,0,0,3
44731,1,0,403,12,8,44,3,1,1,2,1
44735,1,1,235,10,9,40,3,0,1,1,1
44736,1,0,407,12,12,40,3,0,1,3,2
44737,1,0,248,16,8,38,3,0,2,1,1
44738,1,1,246,12,11,38,3,0,4,0,0
44741,1,1,377,8,11,36,3,2,3,0,1
44742,1,1,372,4,12,36,3,0,2,2,3
44751,1,0,331,4,7,28,3,0,2,0,2
44758,1,1,336,2,10,24,3,0,0,0,2
44768,1,0,183,8,12,66,4,0,2,1,4
44782,1,0,371,6,11,40,4,1,4,1,0
44784,1,0,339,12,11,38,4,0,1,1,2
44785,1,1,256,2,11,38,4,2,3,0,1
44786,1,0,386,6,11,36,4,0,1,0,2
44787,1,1,385,2,9,34,4,1,0,1,2
44790,1,0,264,4,12,30,4,2,2,0,1
44792,1,1,374,2,10,26,4,3,0,0,3
44796,1,0,405,6,12,70,5,0,0,2,3
44797,1,1,318,14,9,66,5,1,0,0,1
44798,1,1,280,6,11,66,5,1,1,0,1
44800,1,0,283,8,12,62,5,0,4,0,1
44810,1,1,396,12,12,68,6,0,3,0,2
53281,1,0,137,6,2,8,0,1,0,1,0
53284,1,1,257,6,2,8,0,0,2,0,0
53290,1,0,309,4,2,8,0,0,1,0,0
53291,1,0,265,4,2,8,0,0,0,2,0
53295,1,1,251,4,2,8,0,0,0,0,1
53296,1,1,235,4,2,8,0,0,2,0,0
53297,1,1,264,4,2,8,0,0,0,1,1
53300,1,0,190,2,2,8,0,0,0,1,1
53301,1,0,110,2,2,8,0,0,2,0,0
53305,1,1,240,2,2,8,0,1,0,0,1
53306,1,1,213,2,2,8,0,0,0,0,1
53307,1,1,57,2,2,8,0,0,1,0,1
53308,1,1,319,2,2,8,0,0,0,1,1
53312,1,1,55,2,3,8,0,1,0,0,1
53313,1,0,97,6,1,6,0,0,0,0,1
53314,1,0,179,6,1,6,0,1,0,0,0
53315,1,0,84,6,1,6,0,0,0,0,0
53320,1,1,308,6,1,6,0,0,0,0,1
53321,1,1,250,6,1,6,0,0,0,1,0
53322,1,1,181,6,1,6,0,0,0,0,1
53323,1,1,304,6,1,6,0,0,0,0,1
53324,1,1,206,6,1,6,0,0,0,0,1
53325,1,1,41,6,1,6,0,0,0,0,1
53342,1,0,165,4,2,6,0,0,0,0,2
53344,1,1,89,4,2,6,0,0,0,0,1
53345,1,1,120,4,2,6,0,0,2,0,0
53347,1,0,74,2,2,6,0,0,0,1,1
53350,1,1,303,2,2,6,0,1,0,0,1
53355,1,0,90,4,1,4,0,0,0,0,0
53356,1,0,129,4,1,4,0,0,0,0,0
53357,1,0,230,4,1,4,0,0,0,0,1
53358,1,0,145,4,1,4,0,0,0,0,0
53369,1,1,268,4,1,4,0,0,0,0,0
53370,1,1,170,4,1,4,0,0,1,0,0
53371,1,1,276,4,1,4,0,1,0,0,0
53372,1,1,253,4,1,4,0,0,1,0,0
53389,1,0,77,2,2,4,0,0,1,0,1
53390,1,0,252,2,2,4,0,0,1,0,1
53394,1,1,84,2,2,4,0,0,0,0,1
53395,1,1,43,2,2,4,0,1,1,0,0
53396,1,1,229,2,2,4,0,0,0,0,1
53397,1,1,290,2,2,4,0,0,0,0,1
53398,1,1,237,2,2,4,0,0,1,0,1
53400,1,0,274,2,1,2,0,0,1,0,0
53401,1,0,53,2,1,2,0,0,0,0,1
53402,1,0,187,2,1,2,0,0,0,0,0
53403,1,0,145,2,1,2,0,0,1,0,0
53404,1,0,278,2,1,2,0,0,1,0,0
53405,1,0,183,2,1,2,0,1,0,0,0
53412,1,1,44,2,1,2,0,0,1,0,0
53413,1,1,70,2,1,2,0,0,0,0,0
53414,1,1,310,2,1,2,0,0,0,0,0
53415,1,1,291,2,1,2,0,0,0,0,1
53416,1,1,22,2,1,2,0,0,0,0,1
53417,1,1,216,2,1,2,0,0,0,0,0
53418,1,1,34,2,1,2,0,0,0,0,1
53419,1,1,41,2,1,2,0,0,0,0,1
53420,1,1,183,2,1,2,0,0,1,0,0
53441,1,1,444,28,10,82,1,1,1,3,2
53443,1,0,220,28,7,70,1,0,0,1,2
53445,1,1,273,30,9,68,1,3,0,1,1
53446,1,1,255,6,11,68,1,2,2,2,3
53448,1,1,184,10,10,66,1,2,1,1,3
53453,1,0,376,4,10,60,1,2,2,3,1
53456,1,0,406,8,10,58,1,0,3,2,1
53464,1,1,292,12,7,52,1,1,1,0,3
53465,1,1,232,8,8,52,1,2,2,0,0
53471,1,0,169,4,11,50,1,0,2,4,3
53472,1,1,338,4,12,50,1,4,1,1,2
53474,1,1,331,10,7,48,1,0,1,0,2
53477,1,0,165,2,11,48,1,0,3,2,0
53482,1,0,155,30,6,44,1,0,3,0,0
53487,1,1,396,12,9,44,1,2,2,0,1
53491,1,1,282,16,6,42,1,1,0,0,2
53498,1,1,261,14,7,40,1,1,0,0,4
53504,1,0,212,16,5,38,1,0,1,2,0
53505,1,0,257,20,6,38,1,0,0,0,1
53506,1,0,345,14,6,38,1,1,1,0,2
53508,1,1,115,8,7,38,1,2,1,1,2
53516,1,1,176,20,3,36,1,0,1,0,1
53519,1,1,233,16,4,36,1,0,0,1,0
53520,1,0,198,16,5,36,1,0,1,1,2
53521,1,1,216,14,5,36,1,0,1,0,3
53523,1,1,361,6,6,36,1,0,2,0,2
53530,1,0,227,30,2,34,1,0,0,0,1
53537,1,0,259,14,7,34,1,0,3,0,1
53538,1,1,219,10,7,34,1,1,1,0,1
53539,1,0,280,10,8,34,1,1,4,0,0
53540,1,1,400,10,10,34,1,0,1,1,3
53542,1,1,303,28,2,32,1,0,0,0,1
53547,1,1,224,10,4,32,1,1,1,0,1
53551,1,0,299,6,5,32,1,2,1,1,0
53554,1,0,418,16,8,32,1,1,1,2,3
53555,1,1,165,12,8,32,1,2,1,2,1
53558,1,1,386,4,11,32,1,2,2,1,1
53559,1,0,262,6,12,32,1,2,1,3,3
53561,1,1,262,30,1,30,1,0,0,0,0
21624,0,0,271,12,2,14,0,1,1,0,0
21625,0,0,124,12,2,14,0,1,1,0,0
21628,0,1,33,12,2,14,0,1,0,1,0
21629,0,1,239,12,2,14,0,1,0,1,0
21630,0,1,57,12,2,14,0,0,1,0,0
21631,0,0,247,10,2,14,0,1,1,0,0
21633,0,1,57,10,2,14,0,0,2,0,0
21634,0,1,49,10,2,14,0,0,0,1,0
21635,0,1,79,10,2,14,0,0,2,0,0
21636,0,1,67,10,2,14,0,0,1,0,0
21637,0,1,276,10,2,14,0,0,0,1,1
21638,0,1,230,10,2,14,0,0,1,0,1
21639,0,1,268,10,2,14,0,1,0,1,0
21641,0,0,60,8,2,14,0,0,2,0,0
21642,0,0,89,8,2,14,0,0,0,0,1
21643,0,1,263,8,2,14,0,0,1,1,0
21644,0,1,117,8,2,14,0,0,0,2,0
21645,0,1,202,8,2,14,0,1,0,0,0
21646,0,1,113,8,2,14,0,0,2,0,0
21647,0,0,156,6,2,14,0,0,1,0,0
21649,0,1,80,6,2,14,0,1,0,1,0
21650,0,1,157,6,2,14,0,0,2,0,0
21651,0,1,186,6,2,14,0,0,1,0,1
21652,0,1,95,6,2,14,0,0,2,0,0
21657,0,0,147,12,1,12,0,1,0,0,0
21658,0,0,168,12,1,12,0,0,0,1,0
21659,0,0,77,12,1,12,0,0,0,0,0
21660,0,0,142,12,1,12,0,0,0,1,0
21661,0,0,191,12,1,12,0,0,0,0,0
21662,0,0,180,12,1,12,0,0,0,1,0
21663,0,0,263,12,1,12,0,0,1,0,0
21664,0,0,181,12,1,12,0,0,0,1,0
21665,0,0,298,12,1,12,0,0,0,1,0
21666,0,0,132,12,1,12,0,0,0,0,1
21667,0,0,166,12,1,12,0,0,1,0,0
21668,0,0,275,12,1,12,0,0,0,1,0
21669,0,0,263,12,1,12,0,0,1,0,0
21677,0,1,123,12,1,12,0,1,0,0,0
21678,0,1,284,12,1,12,0,0,0,0,0
21679,0,1,206,12,1,12,0,0,0,0,1
21680,0,1,98,12,1,12,0,0,0,0,1
21681,0,1,118,12,1,12,0,0,0,0,1
21682,0,1,210,12,1,12,0,0,0,1,0
21683,0,1,88,12,1,12,0,0,1,0,0
21684,0,1,249,12,1,12,0,0,0,0,0
21685,0,1,228,12,1,12,0,0,0,0,1
21686,0,1,170,12,1,12,0,0,1,0,0
21687,0,1,113,12,1,12,0,0,1,0,0
21688,0,1,237,12,1,12,0,0,0,0,0
21689,0,1,16,12,1,12,0,0,1,0,0
21690,0,1,115,12,1,12,0,1,0,0,0
21691,0,1,124,12,1,12,0,1,0,0,0
21692,0,1,78,12,1,12,0,0,1,0,0
21693,0,1,297,12,1,12,0,0,0,1,0
21694,0,1,32,12,1,12,0,0,0,1,0
21695,0,1,67,12,1,12,0,0,1,0,0
21696,0,1,176,12,1,12,0,1,0,0,0
21697,0,1,222,12,1,12,0,0,0,1,0
21698,0,1,93,12,1,12,0,1,0,0,0
21699,0,1,262,12,1,12,0,0,0,1,0
21700,0,1,189,12,1,12,0,0,0,1,0
21701,0,1,36,12,1,12,0,0,1,0,0
21702,0,1,292,12,1,12,0,0,1,0,0
21703,0,1,114,12,1,12,0,0,0,0,1
21704,0,1,296,12,1,12,0,0,1,0,0
21705,0,1,297,12,1,12,0,0,0,0,1
21706,0,1,247,12,1,12,0,1,0,0,0
21707,0,1,199,12,1,12,0,0,0,0,0
21708,0,1,157,12,1,12,0,0,0,0,0
21709,0,1,27,12,1,12,0,1,0,0,0
21710,0,1,38,12,1,12,0,1,0,0,0
21711,0,1,96,12,1,12,0,0,0,0,0
21712,0,1,70,12,1,12,0,1,0,0,0
21713,0,1,192,12,1,12,0,0,1,0,0
21714,0,1,93,12,1,12,0,0,1,0,0
21715,0,1,244,12,1,12,0,0,1,0,0
21716,0,1,118,12,1,12,0,0,1,0,0
21717,0,1,51,12,1,12,0,0,0,0,0
21718,0,0,81,10,2,12,0,1,0,1,0
21719,0,0,108,10,2,12,0,0,1,1,0
21720,0,0,37,10,2,12,0,0,1,0,1
21722,0,1,34,10,2,12,0,1,1,0,0
21723,0,1,325,10,2,12,0,0,0,0,0
21724,0,1,248,10,2,12,0,0,0,0,0
21725,0,1,229,10,2,12,0,2,0,0,0
21726,0,1,272,10,2,12,0,1,1,0,0
21727,0,1,154,10,2,12,0,0,0,1,0
21728,0,1,224,10,2,12,0,0,2,0,0
21729,0,1,136,10,2,12,0,0,2,0,0
21733,0,0,244,8,2,12,0,0,2,0,0
21735,0,1,121,8,2,12,0,1,0,0,0
21736,0,1,78,8,2,12,0,0,0,0,1
21738,0,0,149,6,2,12,0,1,0,1,0
21739,0,0,189,6,2,12,0,1,0,0,1
21740,0,1,143,4,2,12,0,0,0,1,1
21741,0,1,96,4,2,12,0,0,0,0,1
21742,0,1,250,4,2,12,0,1,1,0,0
21743,0,1,328,4,3,12,0,0,1,1,1
21754,0,0,121,10,1,10,0,0,1,0,0
21755,0,0,254,10,1,10,0,0,0,0,1
21756,0,0,21,10,1,10,0,0,0,1,0
21757,0,0,151,10,1,10,0,0,0,1,0
21758,0,0,305,10,1,10,0,0,0,0,1
21759,0,0,257,10,1,10,0,0,0,0,0
21760,0,0,105,10,1,10,0,0,1,0,0
21761,0,0,42,10,1,10,0,0,0,0,0
21774,0,1,82,10,1,10,0,0,0,0,0
21775,0,1,81,10,1,10,0,0,0,0,0
21776,0,1,314,10,1,10,0,0,0,0,1
21777,0,1,202,10,1,10,0,1,0,0,0
21778,0,1,30,10,1,10,0,0,1,0,0
21779,0,1,186,10,1,10,0,0,1,0,0
21780,0,1,166,10,1,10,0,0,0,0,0
21781,0,1,123,10,1,10,0,1,0,0,0
21782,0,1,130,10,1,10,0,0,0,1,0
21783,0,1,158,10,1,10,0,0,1,0,0
21784,0,1,238,10,1,10,0,0,1,0,0
21785,0,1,284,10,1,10,0,0,1,0,0
21786,0,1,222,10,1,10,0,1,0,0,0
21787,0,1,133,10,1,10,0,0,0,1,0
21788,0,1,182,10,1,10,0,0,0,0,0
21789,0,1,151,10,1,10,0,0,1,0,0
21790,0,1,200,10,1,10,0,0,0,1,0
21791,0,1,232,10,1,10,0,0,0,1,0
21792,0,1,71,10,1,10,0,0,0,0,0
21793,0,1,273,10,1,10,0,0,1,0,0
21794,0,1,201,10,1,10,0,0,1,0,0
21795,0,1,188,10,1,10,0,0,0,0,1
21796,0,1,273,10,1,10,0,0,1,0,0
21797,0,1,93,10,1,10,0,0,0,0,1
21798,0,1,169,10,1,10,0,0,1,0,0
21799,0,1,295,10,1,10,0,1,0,0,0
21800,0,1,290,10,1,10,0,1,0,0,0
21801,0,1,206,10,1,10,0,0,0,0,0
21802,0,1,293,10,1,10,0,0,0,0,1
21803,0,1,224,10,1,10,0,0,0,0,0
21804,0,1,131,10,1,10,0,0,0,0,0
21805,0,1,280,10,1,10,0,1,0,0,0
21809,0,0,35,6,2,10,0,1,1,0,0
21810,0,1,132,6,2,10,0,1,1,0,0
21811,0,1,65,6,2,10,0,0,2,0,0
21813,0,0,115,4,2,10,0,0,1,1,0
21814,0,0,144,4,2,10,0,1,0,1,0
21816,0,0,94,2,2,10,0,0,1,0,1
21817,0,0,44,2,2,10,0,0,0,1,1
21820,0,1,78,2,2,10,0,1,1,0,0
21821,0,1,81,4,3,10,0,0,1,0,1
21828,0,0,176,8,1,8,0,0,1,0,0
21829,0,0,148,8,1,8,0,0,1,0,0
21830,0,0,96,8,1,8,0,0,1,0,0
21831,0,0,123,8,1,8,0,0,0,0,1
21832,0,0,295,8,1,8,0,0,1,0,0
21833,0,0,121,8,1,8,0,0,0,0,0
21838,0,1,62,8,1,8,0,0,1,0,0
34214,0,1,190,14,10,72,0,0,4,2,2
34215,0,1,254,36,7,68,0,0,3,0,2
34216,0,1,288,32,6,66,0,1,3,0,2
34220,0,0,255,32,8,60,0,2,3,2,0
34221,0,1,364,16,8,60,0,1,3,0,1
34222,0,1,242,24,6,58,0,0,2,2,0
34223,0,1,225,6,9,58,0,1,4,1,1
34224,0,1,305,14,8,56,0,1,4,2,0
34225,0,1,192,34,6,52,0,0,3,2,1
34226,0,0,342,8,10,52,0,1,6,1,1
34227,0,1,143,16,7,50,0,1,1,3,2
34231,0,1,128,30,4,46,0,2,2,0,0
34234,0,1,361,14,9,46,0,0,4,2,1
34236,0,1,217,36,2,44,0,0,0,1,1
34237,0,1,158,16,7,44,0,2,1,2,0
34239,0,1,120,2,8,44,0,0,1,1,1
34240,0,1,274,36,2,42,0,1,0,0,0
34241,0,0,346,16,5,42,0,0,3,1,0
34243,0,1,320,16,5,42,0,1,3,0,0
34244,0,0,296,24,6,42,0,1,3,2,0
34245,0,1,186,36,2,40,0,0,2,0,0
34246,0,1,248,36,2,40,0,0,1,1,0
34247,0,1,266,34,2,40,0,0,0,0,1
34248,0,1,76,32,2,40,0,1,0,1,0
34249,0,0,162,30,3,40,0,0,1,1,0
34250,0,1,152,30,3,40,0,0,2,1,0
34252,0,1,231,4,6,40,0,2,1,1,1
34253,0,1,360,16,7,40,0,2,3,1,0
34255,0,1,202,16,11,40,0,0,3,1,1
34256,0,0,130,36,2,38,0,0,1,0,1
34257,0,1,74,34,2,38,0,1,0,0,0
34258,0,0,148,32,2,38,0,1,0,1,0
34259,0,1,153,32,2,38,0,0,1,0,0
34260,0,1,265,32,2,38,0,1,0,0,1
34261,0,1,260,30,2,38,0,0,1,0,1
34262,0,1,88,30,2,38,0,1,0,0,1
34263,0,1,320,28,3,38,0,0,2,0,1
34264,0,0,244,20,4,38,0,1,0,0,0
34266,0,0,350,12,5,38,0,0,2,3,0
34267,0,1,285,10,6,38,0,0,2,2,1
34268,0,0,137,36,1,36,0,0,0,0,1
34269,0,0,127,36,1,36,0,0,0,0,0
34270,0,1,146,36,1,36,0,0,0,1,0
34271,0,1,175,36,1,36,0,0,0,0,0
34272,0,1,248,36,1,36,0,1,0,0,0
34273,0,1,303,36,1,36,0,0,0,0,0
34274,0,1,316,32,2,36,0,1,0,1,0
34275,0,1,117,32,2,36,0,0,1,1,0
34276,0,0,216,28,2,36,0,0,1,0,1
34277,0,1,51,28,2,36,0,0,0,0,0
34278,0,0,322,24,3,36,0,0,1,0,0
34279,0,1,263,12,10,36,0,1,3,2,2
34280,0,0,210,34,1,34,0,0,1,0,0
34281,0,0,280,34,1,34,0,0,1,0,0
34283,0,1,307,34,1,34,0,0,1,0,0
34284,0,1,233,34,1,34,0,0,0,0,1
34285,0,1,23,34,1,34,0,0,0,0,0
34286,0,1,247,34,1,34,0,0,1,0,0
34287,0,1,280,30,2,34,0,1,1,0,0
34288,0,1,115,30,2,34,0,0,1,0,1
34289,0,1,127,26,2,34,0,0,2,0,0
34290,0,1,95,26,2,34,0,0,1,0,1
34292,0,0,211,32,1,32,0,0,0,0,0
34293,0,0,26,32,1,32,0,0,1,0,0
34294,0,1,224,32,1,32,0,0,0,1,0
34295,0,1,191,32,1,32,0,0,0,0,0
34296,0,1,234,32,1,32,0,0,0,0,1
34297,0,1,196,30,2,32,0,1,0,1,0
34298,0,0,220,28,2,32,0,0,2,0,0
34299,0,0,268,28,2,32,0,0,0,0,2
34300,0,1,224,28,2,32,0,0,0,1,1
34301,0,1,156,28,2,32,0,0,1,0,0
34302,0,0,190,26,2,32,0,1,0,1,0
34303,0,1,276,24,2,32,0,0,0,2,0
34305,0,1,172,16,3,32,0,0,2,1,0
34306,0,1,296,16,3,32,0,0,3,0,0
34308,0,1,228,14,5,32,0,1,1,1,1
34310,0,1,388,12,7,32,0,1,3,1,1
34311,0,0,198,30,1,30,0,0,0,1,0
34312,0,0,150,30,1,30,0,0,1,0,0
34315,0,1,18,30,1,30,0,0,1,0,0
34316,0,1,139,30,1,30,0,0,0,1,0
34317,0,1,281,30,1,30,0,0,0,0,1
34318,0,1,284,30,1,30,0,1,0,0,0
34319,0,1,287,30,1,30,0,0,0,0,0
34320,0,1,177,30,1,30,0,0,1,0,0
34321,0,1,241,30,1,30,0,1,0,0,0
34322,0,1,150,30,1,30,0,0,0,1,0
34323,0,1,312,30,1,30,0,0,1,0,0
34324,0,1,234,30,1,30,0,1,0,0,0
34325,0,1,89,30,1,30,0,0,0,0,0
34326,0,1,127,30,1,30,0,1,0,0,0
34327,0,1,67,30,1,30,0,0,0,0,0
34328,0,0,240,28,2,30,0,1,0,0,1
34329,0,1,91,28,2,30,0,0,1,0,0
34330,0,0,170,24,2,30,0,0,2,0,0
34331,0,1,287,22,2,30,0,0,1,0,1
34332,0,1,261,22,2,30,0,0,1,0,0
34333,0,0,269,16,3,30,0,0,2,1,0
34335,0,1,324,16,5,30,0,2,0,1,1
34337,0,1,193,12,5,30,0,1,0,1,0
34339,0,1,346,16,6,30,0,1,4,0,0
34341,0,0,126,28,1,28,0,0,0,0,0
34342,0,0,193,28,1,28,0,0,0,0,0
34343,0,1,116,28,1,28,0,0,1,0,0
34344,0,1,102,28,1,28,0,1,0,0,0
34345,0,1,103,28,1,28,0,0,0,0,1
34346,0,1,104,28,1,28,0,0,0,1,0
34347,0,1,279,28,1,28,0,0,0,0,1
34348,0,1,226,28,1,28,0,0,1,0,0
34349,0,1,54,28,1,28,0,0,0,0,1
34350,0,0,108,26,2,28,0,0,1,1,0
34351,0,0,276,24,2,28,0,0,1,0,0
34352,0,1,141,24,2,28,0,0,0,0,0
34353,0,1,211,24,2,28,0,1,0,1,0
34354,0,0,303,14,3,28,0,0,2,0,0
34355,0,1,254,14,3,28,0,1,0,0,2
34356,0,1,201,12,3,28,0,1,0,0,1
34359,0,1,233,14,4,28,0,0,3,0,1
34360,0,1,61,8,4,28,0,0,1,3,0
34363,0,1,206,26,1,26,0,0,1,0,0
34364,0,1,202,26,1,26,0,0,1,0,0
34365,0,1,116,26,1,26,0,0,0,0,0
34366,0,1,78,26,1,26,0,0,0,1,0
34367,0,1,298,26,1,26,0,0,0,1,0
34368,0,0,199,24,2,26,0,1,0,0,1
34369,0,1,63,24,2,26,0,0,1,1,0
34371,0,1,214,22,2,26,0,1,1,0,0
34372,0,1,299,12,3,26,0,0,0,1,0
34373,0,1,94,8,3,26,0,1,1,0,0
34378,0,1,293,2,9,26,0,1,2,2,1
34381,0,0,179,24,1,24,0,0,0,1,0
34382,0,0,254,24,1,24,0,1,0,0,0
34383,0,1,115,24,1,24,0,0,0,0,1
34384,0,1,186,24,1,24,0,0,0,1,0
34385,0,0,221,22,2,24,0,0,2,0,0
34562,0,1,105,24,2,30,1,1,0,0,0
34563,0,1,247,20,4,30,1,0,0,0,1
34564,0,1,185,16,4,30,1,1,1,1,0
34565,0,0,232,14,4,30,1,1,1,0,0
34567,0,0,273,14,5,30,1,0,2,0,1
34568,0,1,292,12,5,30,1,2,1,0,0
34569,0,1,300,12,5,30,1,2,1,0,1
34570,0,1,187,10,5,30,1,1,1,0,0
34571,0,0,105,12,6,30,1,2,3,0,0
34572,0,1,262,2,8,30,1,0,3,0,1
34574,0,1,131,24,2,28,1,0,1,0,0
34575,0,1,141,10,3,28,1,1,0,1,0
34576,0,1,216,16,5,28,1,1,1,2,0
34577,0,1,332,10,5,28,1,1,3,0,0
34581,0,1,341,14,6,28,1,1,1,1,0
34582,0,1,334,8,9,28,1,1,3,1,1
34583,0,0,33,26,1,26,1,0,0,0,0
34584,0,0,177,26,1,26,1,0,0,0,0
34585,0,1,57,26,1,26,1,0,0,0,0
34586,0,1,247,24,2,26,1,0,1,0,0
34587,0,1,231,24,2,26,1,0,0,1,0
34588,0,1,100,20,2,26,1,0,0,0,0
34589,0,1,135,16,3,26,1,1,0,0,1
34590,0,0,88,10,3,26,1,0,1,0,1
34591,0,1,119,10,5,26,1,1,1,0,1
34592,0,0,191,14,6,26,1,0,3,1,0
34593,0,0,195,2,6,26,1,2,1,0,1
34596,0,0,92,22,2,24,1,0,0,1,0
34597,0,0,103,18,2,24,1,0,1,0,0
34598,0,0,261,18,2,24,1,0,1,0,0
34600,0,1,214,16,2,24,1,0,0,0,0
34601,0,1,140,16,2,24,1,0,0,0,1
34602,0,1,257,16,2,24,1,1,0,0,0
34603,0,1,203,16,2,24,1,0,1,0,0
34604,0,1,151,10,3,24,1,1,0,1,0
34605,0,1,253,8,3,24,1,0,0,0,1
34606,0,1,298,12,4,24,1,0,0,1,1
34607,0,1,294,12,5,24,1,1,2,1,0
34611,0,0,228,2,8,24,1,1,4,1,1
34612,0,1,396,4,9,24,1,4,2,1,0
34613,0,1,163,22,1,22,1,0,0,0,0
34614,0,1,35,18,2,22,1,0,1,0,0
34615,0,0,317,16,2,22,1,0,0,1,0
34616,0,0,239,16,2,22,1,0,0,0,0
34617,0,1,317,16,2,22,1,0,0,0,0
34618,0,1,85,16,2,22,1,0,0,0,1
34619,0,0,118,14,2,22,1,0,0,1,0
34622,0,1,84,14,2,22,1,0,0,1,0
34623,0,1,165,14,2,22,1,0,1,0,0
34624,0,1,221,14,2,22,1,0,1,0,0
34625,0,1,138,14,2,22,1,1,0,0,0
34626,0,1,131,14,2,22,1,0,1,0,0
34627,0,0,49,16,3,22,1,0,0,1,1
34628,0,1,54,14,3,22,1,1,1,0,0
34629,0,0,344,12,3,22,1,0,2,0,0
34630,0,1,277,10,3,22,1,0,1,1,0
34631,0,1,70,8,4,22,1,1,0,2,0
34632,0,0,213,4,4,22,1,0,1,0,0
34633,0,0,162,10,6,22,1,1,3,0,1
34634,0,0,162,20,1,20,1,0,0,0,0
34635,0,0,161,20,1,20,1,0,0,0,0
34636,0,1,113,20,1,20,1,0,0,0,0
34637,0,1,240,20,1,20,1,0,0,0,0
34638,0,1,289,20,1,20,1,0,0,0,0
34639,0,1,132,18,2,20,1,0,0,0,0
34640,0,1,137,18,2,20,1,0,0,0,0
34641,0,0,115,16,2,20,1,0,0,1,0
34642,0,0,253,16,2,20,1,0,0,0,0
34643,0,0,223,16,2,20,1,0,0,0,1
34644,0,1,193,16,2,20,1,0,0,0,1
34645,0,1,244,16,2,20,1,0,0,1,0
34646,0,1,208,16,2,20,1,0,1,0,0
34647,0,1,159,16,2,20,1,0,0,0,0
34648,0,1,97,16,2,20,1,1,0,0,0
34649,0,0,159,14,2,20,1,0,0,1,0
34650,0,1,224,14,2,20,1,0,1,0,0
34651,0,1,216,14,2,20,1,0,1,0,0
34652,0,1,277,14,2,20,1,0,1,0,0
34653,0,1,55,14,2,20,1,0,0,0,0
34655,0,1,274,12,2,20,1,0,0,0,1
34656,0,1,220,12,2,20,1,0,1,0,0
34657,0,1,168,12,2,20,1,1,0,0,0
34658,0,1,82,4,3,20,1,1,1,0,0
34659,0,0,323,8,4,20,1,0,2,0,0
34660,0,1,223,8,4,20,1,1,2,0,0
34661,0,1,198,4,4,20,1,0,2,1,0
34663,0,0,73,18,1,18,1,0,0,0,0
34664,0,0,225,18,1,18,1,0,0,0,0
34665,0,0,152,18,1,18,1,0,0,0,0
34666,0,0,83,18,1,18,1,0,0,0,0
34667,0,0,155,18,1,18,1,0,0,0,0
34668,0,1,104,18,1,18,1,0,0,0,0
34669,0,1,292,18,1,18,1,0,0,0,0
34671,0,1,158,16,2,18,1,0,0,0,0
34672,0,1,122,16,2,18,1,0,1,0,0
34674,0,1,69,14,2,18,1,0,0,0,0
34675,0,1,268,14,2,18,1,0,0,0,1
34676,0,1,299,14,2,18,1,0,1,0,0
34677,0,1,110,14,2,18,1,0,1,0,0
34678,0,1,189,14,2,18,1,0,1,0,0
34679,0,1,78,14,2,18,1,0,0,1,0
34680,0,0,310,12,2,18,1,0,0,0,0
34682,0,1,41,12,2,18,1,1,0,0,0
34683,0,1,72,12,2,18,1,0,0,0,0
34684,0,1,170,12,2,18,1,0,1,0,0
34685,0,1,31,12,2,18,1,1,0,0,0
34686,0,0,218,10,2,18,1,0,0,1,0
34687,0,0,268,10,2,18,1,0,0,0,1
34690,0,1,111,10,2,18,1,1,0,0,0
34691,0,1,30,10,2,18,1,0,1,0,0
34692,0,0,279,12,3,18,1,0,2,0,0
34693,0,1,300,10,3,18,1,0,1,0,0
34694,0,1,320,6,3,18,1,1,0,0,0
34696,0,1,133,6,4,18,1,1,2,0,0
34697,0,0,333,2,4,18,1,0,1,0,1
34700,0,0,215,16,1,16,1,0,0,0,0
34701,0,0,238,16,1,16,1,0,0,0,0
34702,0,0,93,16,1,16,1,0,0,0,0
34703,0,0,107,16,1,16,1,0,0,0,0
34705,0,1,212,16,1,16,1,0,0,0,0
34706,0,1,273,16,1,16,1,0,0,0,0
34707,0,1,169,16,1,16,1,0,0,0,0
34708,0,1,118,16,1,16,1,0,0,0,0
34709,0,1,167,16,1,16,1,0,0,0,0
34710,0,1,82,16,1,16,1,0,0,0,0
34711,0,1,271,16,1,16,1,0,0,0,0
34712,0,1,82,14,2,16,1,0,0,0,0
34713,0,1,260,14,2,16,1,0,1,0,0
34714,0,0,111,12,2,16,1,0,1,0,0
34715,0,0,39,12,2,16,1,0,0,1,0
34716,0,0,46,12,2,16,1,0,1,0,0
34717,0,0,65,12,2,16,1,1,0,0,0
34718,0,0,192,12,2,16,1,0,1,0,0
34719,0,1,218,12,2,16,1,0,1,0,0
34720,0,1,195,12,2,16,1,0,0,0,1
34721,0,1,151,12,2,16,1,0,1,0,0
34722,0,1,302,12,2,16,1,0,1,0,0
34723,0,1,293,12,2,16,1,0,0,0,0
34724,0,0,34,10,2,16,1,0,0,1,0
34725,0,0,181,10,2,16,1,0,0,0,1
34729,0,1,237,10,2,16,1,0,0,1,0
34730,0,1,218,10,2,16,1,0,1,0,0
34731,0,1,166,8,2,16,1,0,0,0,1
34732,0,1,114,8,2,16,1,0,0,1,0
34737,0,1,204,4,4,16,1,0,2,0,0
34739,0,0,295,14,1,14,1,0,0,0,0
34740,0,0,61,14,1,14,1,0,0,0,0
34741,0,0,134,14,1,14,1,0,0,0,0
34742,0,0,298,14,1,14,1,0,0,0,0
34743,0,1,92,14,1,14,1,0,0,0,0
34744,0,1,84,14,1,14,1,0,0,0,0
34745,0,1,235,14,1,14,1,0,0,0,0
34746,0,1,30,14,1,14,1,0,0,0,0
34747,0,1,41,14,1,14,1,0,0,0,0
34748,0,1,204,14,1,14,1,0,0,0,0
34749,0,1,240,14,1,14,1,0,0,0,0
34750,0,1,122,14,1,14,1,0,0,0,0
34751,0,0,235,12,2,14,1,0,0,1,0
34753,0,1,240,12,2,14,1,0,1,0,0
34754,0,1,60,12,2,14,1,0,1,0,0
34756,0,1,114,10,2,14,1,0,1,0,0
34757,0,1,78,10,2,14,1,0,1,0,0
34758,0,1,303,10,2,14,1,0,0,0,0
34759,0,0,165,8,2,14,1,0,1,0,0
34760,0,0,55,8,2,14,1,0,1,0,0
34761,0,1,295,8,2,14,1,0,1,0,0
34762,0,1,287,8,2,14,1,1,0,0,0
34763,0,1,59,8,2,14,1,0,1,0,0
34764,0,1,252,6,2,14,1,0,0,0,0
34766,0,1,281,6,4,14,1,0,0,1,0
34767,0,0,176,4,5,14,1,0,3,0,0
34768,0,0,54,12,1,12,1,0,0,0,0
34769,0,1,252,12,1,12,1,0,0,0,0
34770,0,1,15,12,1,12,1,0,0,0,0
34771,0,1,69,12,1,12,1,0,0,0,0
34772,0,1,175,12,1,12,1,0,0,0,0
34773,0,1,28,12,1,12,1,0,0,0,0
34774,0,1,120,12,1,12,1,0,0,0,0
34775,0,1,202,12,1,12,1,0,0,0,0
34776,0,1,299,12,1,12,1,0,0,0,0
34777,0,1,169,12,1,12,1,0,0,0,0
34778,0,1,46,12,1,12,1,0,0,0,0
34779,0,0,185,10,2,12,1,0,1,0,0
34780,0,1,163,10,2,12,1,0,0,1,0
34781,0,1,191,10,2,12,1,0,0,0,0
34782,0,1,192,10,2,12,1,0,1,0,0
34784,0,0,238,8,2,12,1,0,1,0,0
34786,0,1,80,8,2,12,1,0,1,0,0
34787,0,1,323,8,2,12,1,1,0,0,0
34788,0,1,247,8,2,12,1,0,0,0,1
42516,0,1,87,22,2,24,0,0,1,0,0
42517,0,1,191,22,2,24,0,0,1,1,0
42518,0,1,84,22,2,24,0,0,1,0,0
42519,0,1,75,22,2,24,0,0,0,1,0
42520,0,0,71,20,2,24,0,0,0,0,0
42521,0,1,128,18,2,24,0,0,1,0,1
42522,0,0,327,16,2,24,0,0,0,1,0
42523,0,1,84,16,2,24,0,0,1,0,0
42524,0,1,34,16,2,24,0,0,2,0,0
42525,0,1,329,14,3,24,0,0,1,0,2
42526,0,1,222,14,3,24,0,2,1,0,0
42527,0,0,164,12,3,24,0,1,2,0,0
42528,0,1,254,6,3,24,0,0,1,1,1
42529,0,1,162,16,4,24,0,0,0,3,1
42532,0,1,211,6,4,24,0,1,1,1,0
42533,0,0,272,12,6,24,0,1,2,0,0
42534,0,0,222,2,6,24,0,2,0,2,0
42535,0,0,40,22,1,22,0,0,0,1,0
42536,0,0,216,22,1,22,0,0,0,0,1
42537,0,0,84,22,1,22,0,0,0,1,0
42539,0,1,288,22,1,22,0,0,1,0,0
42540,0,1,285,22,1,22,0,0,1,0,0
42541,0,1,136,22,1,22,0,0,1,0,0
42542,0,1,241,22,1,22,0,0,1,0,0
42543,0,1,226,22,1,22,0,0,1,0,0
42544,0,1,260,20,2,22,0,0,2,0,0
42545,0,1,59,18,2,22,0,1,0,0,1
42546,0,0,315,16,2,22,0,1,1,0,0
42547,0,0,288,16,2,22,0,0,1,1,0
42550,0,1,33,16,2,22,0,0,0,1,0
42551,0,1,303,16,2,22,0,0,1,0,1
42552,0,1,136,16,2,22,0,0,0,1,0
42553,0,1,182,16,2,22,0,0,2,0,0
42554,0,1,217,16,2,22,0,1,0,0,0
42555,0,1,75,16,2,22,0,0,0,0,0
42556,0,0,88,14,2,22,0,0,1,1,0
42557,0,0,130,14,2,22,0,0,1,0,0
42561,0,1,60,14,2,22,0,0,1,0,1
42562,0,1,194,14,2,22,0,0,0,0,2
42563,0,1,75,14,2,22,0,0,1,0,0
42564,0,1,130,14,2,22,0,0,1,0,0
42566,0,0,98,12,3,22,0,1,0,1,1
42567,0,1,71,12,3,22,0,1,1,0,0
42569,0,0,247,8,4,22,0,1,2,0,0
42570,0,0,124,2,4,22,0,1,1,2,0
42571,0,1,162,6,5,22,0,1,3,0,0
42574,0,0,277,20,1,20,0,1,0,0,0
42575,0,0,191,20,1,20,0,1,0,0,0
42576,0,0,81,20,1,20,0,0,1,0,0
42577,0,1,232,20,1,20,0,0,0,0,1
42578,0,1,288,20,1,20,0,1,0,0,0
42579,0,1,79,20,1,20,0,0,1,0,0
42580,0,1,278,20,1,20,0,0,0,0,0
42581,0,0,132,18,2,20,0,0,1,0,0
42582,0,1,41,18,2,20,0,1,0,0,1
42584,0,0,267,16,2,20,0,0,0,1,1
42585,0,1,237,16,2,20,0,0,0,0,1
42586,0,1,44,16,2,20,0,0,0,1,1
42587,0,1,265,16,2,20,0,0,1,0,0
42591,0,0,324,14,2,20,0,0,2,0,0
42592,0,0,226,14,2,20,0,0,1,1,0
42594,0,1,78,14,2,20,0,0,2,0,0
42595,0,1,129,14,2,20,0,2,0,0,0
42596,0,1,48,14,2,20,0,2,0,0,0
42597,0,1,105,14,2,20,0,1,0,0,0
42600,0,0,44,12,2,20,0,0,2,0,0
42601,0,0,212,12,2,20,0,0,1,0,1
42602,0,1,76,12,2,20,0,0,0,1,0
42603,0,1,185,12,2,20,0,0,2,0,0
42604,0,1,309,12,2,20,0,0,0,0,1
42609,0,0,235,18,1,18,0,0,0,1,0
42610,0,0,103,18,1,18,0,0,0,0,1
42611,0,0,260,18,1,18,0,0,1,0,0
42612,0,0,190,18,1,18,0,0,0,1,0
42613,0,1,132,18,1,18,0,0,0,0,0
42614,0,1,107,18,1,18,0,0,0,1,0
42615,0,1,229,18,1,18,0,0,1,0,0
42616,0,1,65,18,1,18,0,0,0,0,0
42618,0,0,224,16,2,18,0,1,1,0,0
42620,0,1,185,16,2,18,0,0,0,1,1
42621,0,1,141,16,2,18,0,0,0,1,1
42622,0,1,180,16,2,18,0,1,0,0,1
42623,0,1,78,16,2,18,0,0,1,0,0
42626,0,0,286,14,2,18,0,0,0,0,1
42627,0,0,282,14,2,18,0,0,0,1,1
42628,0,0,231,14,2,18,0,1,0,1,0
42630,0,1,180,14,2,18,0,0,1,0,0
42631,0,1,247,14,2,18,0,0,2,0,0
42632,0,1,182,14,2,18,0,1,1,0,0
42633,0,1,147,14,2,18,0,1,0,0,0
42635,0,0,150,12,2,18,0,0,0,2,0
42636,0,0,290,12,2,18,0,1,0,0,0
42637,0,0,310,12,2,18,0,0,1,0,0
42638,0,0,230,12,2,18,0,1,0,0,1
42640,0,1,236,12,2,18,0,0,1,0,0
42641,0,1,247,12,2,18,0,0,0,1,0
42642,0,1,268,12,2,18,0,1,1,0,0
42643,0,1,42,12,2,18,0,0,2,0,0
42644,0,1,310,12,2,18,0,1,1,0,0
42645,0,1,32,12,2,18,0,0,2,0,0
42646,0,1,287,12,2,18,0,1,1,0,0
42647,0,1,97,12,2,18,0,0,1,0,0
42648,0,1,31,12,2,18,0,1,1,0,0
42651,0,0,128,10,2,18,0,0,0,1,0
42653,0,1,309,10,2,18,0,0,1,1,0
42654,0,1,320,10,2,18,0,1,0,0,0
42655,0,1,127,10,2,18,0,0,1,0,0
42656,0,1,219,10,2,18,0,0,2,0,0
42657,0,1,169,10,2,18,0,0,0,1,1
42658,0,1,261,10,2,18,0,0,1,1,0
42659,0,1,238,10,2,18,0,0,1,0,0
42662,0,1,266,2,3,18,0,0,1,2,0
42663,0,1,87,8,4,18,0,0,2,1,1
42664,0,1,189,8,4,18,0,0,0,2,1
42665,0,0,106,6,4,18,0,0,1,0,0
42671,0,0,292,16,1,16,0,1,0,0,0
42672,0,0,112,16,1,16,0,0,0,0,0
42673,0,0,122,16,1,16,0,0,1,0,0
42674,0,0,232,16,1,16,0,0,1,0,0
42675,0,0,135,16,1,16,0,0,1,0,0
42676,0,0,56,16,1,16,0,0,0,1,0
42677,0,0,215,16,1,16,0,0,1,0,0
42678,0,0,255,16,1,16,0,0,0,1,0
42679,0,0,261,16,1,16,0,0,0,0,0
42680,0,0,287,16,1,16,0,0,1,0,0
42681,0,0,266,16,1,16,0,0,0,0,0
42682,0,0,239,16,1,16,0,0,1,0,0
42687,0,1,96,16,1,16,0,0,0,0,1
42688,0,1,193,16,1,16,0,0,1,0,0
42689,0,1,122,16,1,16,0,1,0,0,0
42690,0,1,166,16,1,16,0,0,1,0,0
42691,0,1,264,16,1,16,0,0,0,0,0
42692,0,1,131,16,1,16,0,0,0,0,1
42693,0,1,107,16,1,16,0,0,1,0,0
42694,0,1,257,16,1,16,0,0,0,0,0
42695,0,1,84,16,1,16,0,0,0,0,0
42696,0,1,68,16,1,16,0,0,0,0,1
42697,0,1,252,16,1,16,0,0,1,0,0
42698,0,1,181,16,1,16,0,0,0,1,0
42699,0,1,106,16,1,16,0,0,1,0,0
42700,0,1,32,16,1,16,0,0,0,1,0
42701,0,1,157,16,1,16,0,0,0,1,0
42702,0,1,224,16,1,16,0,0,1,0,0
42703,0,1,114,16,1,16,0,0,0,0,1
42704,0,1,26,16,1,16,0,0,1,0,0
42705,0,1,95,16,1,16,0,0,0,0,0
42706,0,1,32,16,1,16,0,1,0,0,0
42707,0,1,294,16,1,16,0,0,0,1,0
42708,0,1,301,16,1,16,0,0,1,0,0
42709,0,1,277,16,1,16,0,1,0,0,0
42710,0,1,304,16,1,16,0,0,0,0,1
42711,0,1,229,16,1,16,0,0,0,0,0
42712,0,1,118,16,1,16,0,0,0,0,0
42713,0,1,144,16,1,16,0,0,1,0,0
42714,0,1,17,16,1,16,0,0,0,0,0
42715,0,1,130,16,1,16,0,0,0,1,0
42716,0,1,302,16,1,16,0,1,0,0,0
42717,0,1,292,16,1,16,0,0,1,0,0
42718,0,1,38,16,1,16,0,0,0,0,0
42719,0,1,139,16,1,16,0,0,0,0,0
42720,0,1,152,16,1,16,0,0,1,0,0
42721,0,1,95,16,1,16,0,0,1,0,0
42722,0,1,119,16,1,16,0,0,1,0,0
42724,0,0,314,14,2,16,0,0,0,1,1
42725,0,1,125,14,2,16,0,1,0,0,1
42726,0,1,126,14,2,16,0,0,1,0,0
42727,0,1,234,14,2,16,0,0,2,0,0
42728,0,1,45,14,2,16,0,1,0,0,0
42729,0,1,199,14,2,16,0,0,1,0,0
42730,0,1,99,14,2,16,0,0,0,2,0
42731,0,1,274,14,2,16,0,0,1,0,1
42733,0,0,159,12,2,16,0,0,0,0,2
42735,0,1,262,12,2,16,0,0,0,1,1
42736,0,1,202,12,2,16,0,0,1,0,1
42737,0,1,304,12,2,16,0,0,1,0,1
42738,0,1,192,12,2,16,0,0,1,0,1
42739,0,1,92,12,2,16,0,1,1,0,0
42740,0,1,260,12,2,16,0,0,1,0,0
42741,0,1,86,12,2,16,0,0,0,1,0
42742,0,1,102,12,2,16,0,0,0,1,1
42743,0,1,202,12,2,16,0,1,0,0,0
42745,0,0,33,10,2,16,0,0,1,0,1
42748,0,1,46,10,2,16,0,0,0,2,0
42749,0,1,317,10,2,16,0,0,1,1,0
42750,0,1,42,10,2,16,0,0,0,1,0
42751,0,1,213,10,2,16,0,1,0,0,0
42753,0,0,246,8,2,16,0,0,1,0,0
42754,0,0,203,8,2,16,0,0,1,1,0
42755,0,1,126,8,2,16,0,0,0,1,0
42756,0,1,88,8,2,16,0,0,2,0,0
42757,0,0,273,8,3,16,0,1,2,0,0
42761,0,0,281,6,4,16,0,2,2,0,0
42763,0,1,328,6,4,16,0,1,2,0,1
42765,0,0,232,6,5,16,0,1,2,0,1
42770,0,0,32,14,1,14,0,0,0,0,1
42771,0,0,235,14,1,14,0,1,0,0,0
42772,0,0,277,14,1,14,0,0,1,0,0
42773,0,0,163,14,1,14,0,0,0,0,0
42774,0,0,184,14,1,14,0,0,0,0,0
42775,0,0,236,14,1,14,0,0,0,0,0
42776,0,0,312,14,1,14,0,0,1,0,0
42777,0,0,271,14,1,14,0,0,0,0,0
42778,0,0,289,14,1,14,0,0,0,0,0
42779,0,0,230,14,1,14,0,0,1,0,0
42784,0,1,75,14,1,14,0,1,0,0,0
42785,0,1,180,14,1,14,0,0,1,0,0
42786,0,1,125,14,1,14,0,0,0,1,0
42787,0,1,256,14,1,14,0,0,0,0,0
42788,0,1,275,14,1,14,0,0,0,0,0
42789,0,1,300,14,1,14,0,0,1,0,0
42790,0,1,312,14,1,14,0,0,1,0,0
42791,0,1,156,14,1,14,0,0,1,0,0
42792,0,1,151,14,1,14,0,0,0,1,0
42793,0,1,161,14,1,14,0,0,0,1,0
42794,0,1,281,14,1,14,0,0,1,0,0
42795,0,1,218,14,1,14,0,0,0,1,0
42796,0,1,300,14,1,14,0,0,1,0,0
42797,0,1,276,14,1,14,0,1,0,0,0
42798,0,1,38,14,1,14,0,0,1,0,0
42799,0,1,131,14,1,14,0,1,0,0,0
42800,0,1,262,14,1,14,0,0,1,0,0
42801,0,1,40,14,1,14,0,0,1,0,0
42802,0,1,204,14,1,14,0,0,1,0,0
42803,0,1,211,14,1,14,0,0,1,0,0
42804,0,1,91,14,1,14,0,0,1,0,0
42805,0,1,120,14,1,14,0,0,1,0,0
42806,0,1,278,14,1,14,0,0,0,1,0
42807,0,1,59,14,1,14,0,0,1,0,0
42808,0,1,61,14,1,14,0,0,0,1,0
42809,0,1,309,14,1,14,0,0,1,0,0
42810,0,1,43,14,1,14,0,0,1,0,0
42811,0,1,22,14,1,14,0,1,0,0,0
42812,0,1,67,14,1,14,0,0,1,0,0
42813,0,1,24,14,1,14,0,0,0,1,0
42814,0,1,284,14,1,14,0,0,0,0,0
44431,0,0,301,6,2,12,1,0,0,1,0
44432,0,0,170,6,2,12,1,0,1,0,0
44434,0,1,68,6,2,12,1,0,1,0,0
44435,0,1,246,6,2,12,1,0,0,1,0
44438,0,1,71,4,2,12,1,0,0,1,0
44439,0,0,199,10,1,10,1,0,0,0,0
44440,0,0,155,10,1,10,1,0,0,0,0
44441,0,0,190,10,1,10,1,0,0,0,0
44442,0,0,149,10,1,10,1,0,0,0,0
44443,0,0,219,10,1,10,1,0,0,0,0
44446,0,1,87,10,1,10,1,0,0,0,0
44447,0,1,129,10,1,10,1,0,0,0,0
44448,0,1,153,10,1,10,1,0,0,0,0
44449,0,1,263,10,1,10,1,0,0,0,0
44450,0,1,143,10,1,10,1,0,0,0,0
44451,0,1,247,10,1,10,1,0,0,0,0
44452,0,1,34,10,1,10,1,0,0,0,0
44453,0,1,216,10,1,10,1,0,0,0,0
44454,0,1,280,10,1,10,1,0,0,0,0
44455,0,1,297,10,1,10,1,0,0,0,0
44456,0,1,42,8,2,10,1,1,0,0,0
44457,0,1,243,8,2,10,1,0,0,1,0
44458,0,1,312,8,2,10,1,0,1,0,0
44459,0,0,230,6,2,10,1,1,0,0,0
44460,0,0,70,6,2,10,1,0,0,0,1
44462,0,1,88,6,2,10,1,1,0,0,0
44463,0,0,123,4,2,10,1,1,0,0,0
44464,0,0,278,4,2,10,1,1,0,0,0
44465,0,0,34,4,2,10,1,0,0,0,0
44466,0,1,316,4,2,10,1,0,0,1,0
44468,0,1,184,2,2,10,1,0,1,0,0
44469,0,1,122,2,2,10,1,0,1,0,0
44470,0,1,264,2,2,10,1,0,0,0,1
44472,0,1,158,2,3,10,1,0,2,0,0
44475,0,0,100,8,1,8,1,0,0,0,0
44476,0,0,24,8,1,8,1,0,0,0,0
44477,0,0,232,8,1,8,1,0,0,0,0
44478,0,0,158,8,1,8,1,0,0,0,0
44479,0,0,106,8,1,8,1,0,0,0,0
44480,0,0,152,8,1,8,1,0,0,0,0
44482,0,1,128,8,1,8,1,0,0,0,0
44483,0,1,107,8,1,8,1,0,0,0,0
44484,0,1,138,8,1,8,1,0,0,0,0
44485,0,1,111,8,1,8,1,0,0,0,0
44486,0,1,45,8,1,8,1,0,0,0,0
44487,0,1,140,8,1,8,1,0,0,0,0
44488,0,1,98,8,1,8,1,0,0,0,0
44489,0,1,219,8,1,8,1,0,0,0,0
44492,0,1,142,6,2,8,1,0,0,0,0
44493,0,1,125,6,2,8,1,0,1,0,0
44497,0,1,238,4,2,8,1,0,0,1,0
44498,0,0,102,2,2,8,1,0,0,0,0
44500,0,1,107,2,2,8,1,0,0,0,1
44501,0,1,218,2,2,8,1,0,0,1,0
44502,0,0,308,6,1,6,1,0,0,0,0
44503,0,0,84,6,1,6,1,0,0,0,0
44506,0,1,261,6,1,6,1,0,0,0,0
44507,0,1,185,6,1,6,1,0,0,0,0
44508,0,1,195,6,1,6,1,0,0,0,0
44509,0,1,133,6,1,6,1,0,0,0,0
44510,0,1,94,6,1,6,1,0,0,0,0
44511,0,1,167,6,1,6,1,0,0,0,0
44512,0,1,61,6,1,6,1,0,0,0,0
44513,0,1,269,6,1,6,1,0,0,0,0
44514,0,1,33,6,1,6,1,0,0,0,0
44515,0,1,96,6,1,6,1,0,0,0,0
44518,0,1,52,4,2,6,1,0,0,0,0
44519,0,1,180,4,2,6,1,0,0,1,0
44520,0,1,74,4,2,6,1,0,1,0,0
44522,0,1,135,2,2,6,1,0,0,0,0
44523,0,1,305,2,2,6,1,0,1,0,0
44525,0,0,175,4,1,4,1,0,0,0,0
44526,0,0,287,4,1,4,1,0,0,0,0
44527,0,0,162,4,1,4,1,0,0,0,0
44528,0,1,209,4,1,4,1,0,0,0,0
44529,0,1,120,4,1,4,1,0,0,0,0
44530,0,1,147,4,1,4,1,0,0,0,0
44531,0,1,151,4,1,4,1,0,0,0,0
44532,0,1,301,4,1,4,1,0,0,0,0
44533,0,1,162,4,1,4,1,0,0,0,0
44534,0,1,153,4,1,4,1,0,0,0,0
44536,0,1,102,2,2,4,1,0,1,0,0
44540,0,0,46,2,1,2,1,0,0,0,0
44541,0,0,177,2,1,2,1,0,0,0,0
44542,0,0,156,2,1,2,1,0,0,0,0
44546,0,1,149,2,1,2,1,0,0,0,0
44547,0,1,235,2,1,2,1,0,0,0,0
44548,0,1,163,2,1,2,1,0,0,0,0
44549,0,1,294,2,1,2,1,0,0,0,0
44550,0,1,230,2,1,2,1,0,0,0,0
44551,0,1,141,2,1,2,1,0,0,0,0
44553,0,0,353,10,12,82,2,1,5,1,3
44554,0,1,393,14,12,78,2,0,6,1,1
44555,0,1,285,12,11,76,2,1,3,2,0
44556,0,1,410,16,9,66,2,0,3,1,1
44558,0,1,263,4,12,66,2,0,3,1,4
44559,0,0,288,2,12,66,2,2,1,3,1
44561,0,0,264,16,8,62,2,1,3,0,1
44564,0,1,437,24,11,60,2,1,1,3,1
44565,0,1,357,12,12,60,2,4,2,2,2
44566,0,1,315,36,11,58,2,3,2,2,0
44567,0,1,167,4,11,58,2,3,4,1,0
44569,0,1,295,6,9,56,2,0,1,3,1
44570,0,0,336,16,10,56,2,0,3,2,3
44571,0,1,325,4,10,56,2,0,4,2,1
44573,0,0,251,12,7,54,2,0,3,1,1
44574,0,0,373,28,9,52,2,4,1,1,1
44577,0,0,99,26,4,50,2,1,0,1,0
44578,0,1,345,30,5,50,2,0,1,1,0
44581,0,1,265,32,6,48,2,0,3,0,0
44582,0,1,134,16,7,48,2,2,1,0,2
44583,0,1,126,16,8,48,2,1,1,2,0
44585,0,1,245,24,5,46,2,1,1,1,0
44586,0,1,142,16,6,46,2,1,0,1,2
44587,0,1,113,14,6,46,2,0,1,1,1
44588,0,1,300,14,7,46,2,1,4,0,0
44589,0,1,145,4,8,46,2,0,1,1,2
44593,0,0,183,30,5,44,2,0,0,1,0
44594,0,1,266,12,6,44,2,0,1,1,1
44595,0,1,323,12,7,44,2,0,2,2,0
44596,0,0,310,16,8,44,2,1,4,1,0
44597,0,1,231,6,9,44,2,1,3,1,2
44598,0,0,258,8,10,44,2,2,2,3,0
44601,0,0,294,14,6,42,2,1,0,1,0
44602,0,0,219,12,7,42,2,1,2,1,1
44603,0,1,128,20,6,40,2,0,1,1,0
44604,0,1,286,18,8,40,2,0,3,1,0
44605,0,1,219,18,8,40,2,0,4,1,0
44606,0,1,367,18,8,40,2,1,3,0,0
44609,0,0,326,22,4,38,2,0,0,1,0
44610,0,1,196,16,4,38,2,0,0,2,0
44611,0,0,371,4,6,38,2,2,1,0,1
44613,0,1,152,4,8,38,2,1,2,2,0
44614,0,0,390,8,9,38,2,2,3,0,1
44619,0,0,320,30,2,34,2,0,0,0,0
44620,0,0,316,14,4,34,2,1,0,0,1
44621,0,1,219,12,6,34,2,1,0,0,2
44622,0,1,198,12,6,34,2,0,2,1,0
44623,0,0,253,14,8,34,2,0,3,1,1
44624,0,1,73,14,4,32,2,0,0,0,1
44625,0,1,196,10,5,32,2,0,2,0,1
44627,0,0,274,12,8,32,2,0,2,0,1
44629,0,1,266,12,3,30,2,1,0,0,0
44630,0,0,138,14,5,30,2,2,0,1,0
44631,0,1,340,12,6,30,2,1,1,0,0
44633,0,1,267,26,2,28,2,0,0,0,0
44634,0,1,250,24,2,28,2,0,0,0,0
44635,0,1,269,12,3,28,2,0,0,1,0
44636,0,1,307,16,4,28,2,0,2,0,0
44637,0,0,96,12,4,28,2,1,0,0,0
44639,0,1,369,4,5,28,2,1,1,0,0
44641,0,1,202,4,6,28,2,2,1,0,0
44642,0,1,349,2,7,28,2,0,2,1,1
44643,0,1,306,4,9,28,2,0,4,0,0
44644,0,0,133,22,2,26,2,0,0,0,0
44645,0,0,271,16,3,26,2,0,0,0,1
44646,0,0,143,12,3,26,2,0,0,1,0
44647,0,1,156,4,5,26,2,1,1,0,0
44648,0,1,274,10,8,26,2,1,2,2,1
44650,0,1,102,22,2,24,2,0,0,0,0
44651,0,1,245,16,2,24,2,0,0,0,0
44652,0,0,265,14,3,24,2,1,0,0,0
44653,0,1,218,4,4,24,2,1,0,1,0
44655,0,0,248,4,5,24,2,1,0,2,0
44656,0,1,124,16,2,22,2,0,0,0,0
44657,0,1,144,16,2,22,2,0,0,0,0
44658,0,0,285,16,3,22,2,0,0,1,0
44659,0,0,163,6,3,22,2,0,0,1,0
44661,0,1,165,12,5,22,2,1,1,1,0
44667,0,1,71,14,2,20,2,0,0,0,0
44668,0,0,82,12,2,20,2,0,0,0,0
44669,0,1,117,8,5,20,2,0,2,0,0
44670,0,1,214,6,5,20,2,0,1,0,0
44671,0,1,246,2,5,20,2,1,0,1,0
44673,0,1,196,10,2,18,2,0,0,0,0
44674,0,1,168,10,2,18,2,0,0,0,0
44675,0,1,264,12,3,18,2,0,0,1,0
44677,0,1,341,4,6,18,2,1,0,1,0
44678,0,0,131,10,2,16,2,0,0,0,0
44679,0,1,173,10,2,16,2,0,0,0,0
44680,0,1,88,8,3,16,2,0,0,1,0
44681,0,0,204,10,2,14,2,0,0,0,0
44682,0,1,68,8,2,14,2,0,0,0,0
44683,0,0,163,6,2,14,2,0,0,0,0
44684,0,1,79,6,2,14,2,0,0,0,0
44685,0,1,239,6,3,14,2,0,0,0,1
44687,0,1,185,8,2,12,2,0,0,0,0
44691,0,0,262,2,3,12,2,1,0,0,0
44693,0,1,227,2,2,8,2,0,0,0,0
44694,0,1,288,2,2,8,2,0,0,0,0
44696,0,1,127,4,2,6,2,0,0,0,0
44697,0,1,370,28,11,86,3,1,3,2,0
44698,0,1,242,16,12,80,3,0,4,2,0
44700,0,0,469,8,12,78,3,0,3,3,1
44701,0,1,413,34,9,74,3,0,1,1,2
44704,0,1,366,10,12,70,3,1,2,3,1
44705,0,1,217,16,10,68,3,1,4,1,0
44706,0,1,314,12,9,66,3,0,3,2,0
44707,0,0,473,30,12,66,3,0,5,1,0
44708,0,1,382,6,11,64,3,0,3,1,3
44711,0,1,302,16,11,62,3,3,1,2,1
44712,0,0,256,16,8,60,3,0,3,1,1
44713,0,1,432,14,9,60,3,0,3,0,1
44714,0,1,161,22,9,58,3,2,0,0,2
44715,0,1,282,16,11,58,3,2,3,3,0
44716,0,0,240,34,8,54,3,2,2,0,0
44717,0,1,174,12,8,54,3,1,2,1,0
44718,0,0,360,34,7,52,3,0,1,0,1
44719,0,1,346,28,12,52,3,1,3,1,3
44720,0,1,156,30,5,50,3,1,0,1,0
44721,0,1,254,8,8,50,3,0,1,0,1
44722,0,0,382,4,8,50,3,3,0,0,1
44723,0,0,405,14,9,50,3,1,4,0,0
44725,0,0,197,12,7,48,3,1,0,0,1
44726,0,1,408,16,10,48,3,0,3,1,1
44727,0,0,302,14,12,48,3,1,5,0,1
44729,0,0,299,20,5,44,3,0,0,0,2
44730,0,0,284,18,7,44,3,1,3,0,0
44732,0,1,187,2,8,44,3,1,3,1,0
44733,0,0,331,26,7,42,3,1,1,1,1
44734,0,0,401,6,8,40,3,0,2,3,0
44739,0,0,310,16,6,36,3,0,0,0,0
44740,0,1,203,10,9,36,3,1,2,2,0
44743,0,1,315,14,5,34,3,0,1,0,0
44744,0,1,256,12,5,32,3,1,0,1,0
44745,0,1,316,16,6,32,3,1,0,1,1
44746,0,1,108,12,6,32,3,0,1,0,1
44747,0,0,121,14,8,32,3,1,2,1,1
44748,0,0,62,12,4,30,3,0,1,0,0
44749,0,0,345,6,6,30,3,1,0,0,1
44750,0,0,292,12,4,28,3,0,0,0,0
44752,0,0,340,14,4,26,3,0,1,0,0
44753,0,1,91,10,5,26,3,0,0,1,1
44754,0,1,196,2,12,26,3,2,2,1,0
44755,0,0,282,8,6,24,3,0,1,0,1
44756,0,1,154,8,7,24,3,0,2,0,1
44757,0,1,166,8,8,24,3,0,3,0,1
44759,0,1,134,12,4,22,3,0,0,0,0
44760,0,1,187,2,8,18,3,0,2,2,0
44761,0,1,316,30,11,96,4,2,2,1,0
44762,0,1,225,26,10,84,4,3,2,0,0
44763,0,1,394,8,11,72,4,1,3,1,2
44764,0,0,235,12,10,68,4,0,4,0,1
44765,0,1,265,12,11,68,4,1,0,1,2
44766,0,1,434,34,11,66,4,1,4,1,0
44767,0,1,173,8,11,66,4,0,3,2,1
44769,0,0,229,14,10,62,4,1,2,2,0
44770,0,1,243,14,10,62,4,0,1,2,1
44771,0,1,183,12,11,62,4,2,3,1,0
44772,0,1,397,4,11,60,4,0,3,1,1
44773,0,1,117,16,7,54,4,0,1,1,0
44774,0,0,388,14,10,54,4,1,2,0,0
44775,0,1,228,16,11,52,4,0,3,2,0
44776,0,0,174,12,11,48,4,0,1,2,1
44777,0,0,321,16,10,46,4,1,1,1,2
44778,0,1,228,8,10,46,4,0,3,2,0
44779,0,1,240,6,12,46,4,1,2,3,2
44780,0,1,401,16,8,42,4,0,1,2,1
44781,0,0,175,6,10,42,4,1,2,2,0
44783,0,0,251,4,8,38,4,0,1,1,0
44788,0,1,312,22,4,32,4,0,0,0,0
44789,0,1,202,8,4,30,4,0,0,0,0
44791,0,0,396,4,10,28,4,1,3,1,1
44793,0,1,267,14,12,72,5,0,1,0,4
44794,0,1,273,16,10,70,5,0,1,1,0
44795,0,1,367,12,11,70,5,1,3,0,0
44799,0,1,281,14,12,66,5,1,1,4,0
44801,0,1,437,16,11,58,5,0,2,2,2
44802,0,0,194,8,12,54,5,2,3,1,1
44803,0,1,335,6,12,54,5,2,2,2,1
44804,0,0,169,4,9,50,5,2,0,1,0
44805,0,1,268,16,9,44,5,0,3,0,0
44806,0,1,139,2,9,44,5,0,1,1,0
44807,0,0,260,12,6,30,5,0,1,0,0
44808,0,1,272,4,12,30,5,0,3,1,0
44809,0,0,289,6,5,16,5,0,0,0,0
44811,0,1,253,6,12,38,8,0,1,1,0
53261,0,1,62,8,1,8,0,0,0,0,1
53262,0,1,175,8,1,8,0,0,0,0,0
53263,0,1,207,8,1,8,0,0,0,0,0
53264,0,1,59,8,1,8,0,0,1,0,0
53265,0,1,224,8,1,8,0,0,1,0,0
53266,0,1,54,8,1,8,0,0,0,0,1
53267,0,1,59,8,1,8,0,0,0,1,0
53268,0,1,53,8,1,8,0,0,0,1,0
53269,0,1,268,8,1,8,0,0,0,1,0
53270,0,1,192,8,1,8,0,0,0,1,0
53271,0,1,198,8,1,8,0,0,0,0,0
53272,0,1,86,8,1,8,0,0,0,1,0
53273,0,1,153,8,1,8,0,0,0,0,1
53274,0,1,60,8,1,8,0,0,1,0,0
53275,0,1,38,8,1,8,0,0,1,0,0
53276,0,1,23,8,1,8,0,0,1,0,0
53277,0,1,138,8,1,8,0,1,0,0,0
53278,0,1,161,8,1,8,0,0,0,1,0
53279,0,1,215,8,1,8,0,0,1,0,0
53280,0,1,297,8,1,8,0,0,0,0,0
53282,0,0,228,6,2,8,0,0,1,0,0
53283,0,0,69,6,2,8,0,0,1,0,0
53285,0,1,294,6,2,8,0,1,1,0,0
53286,0,1,55,6,2,8,0,0,1,0,0
53287,0,1,132,6,2,8,0,0,1,0,0
53288,0,1,329,6,2,8,0,1,1,0,0
53289,0,1,171,6,2,8,0,0,0,0,0
53292,0,0,135,4,2,8,0,0,0,0,0
53293,0,0,89,4,2,8,0,0,0,0,1
53294,0,0,172,4,2,8,0,0,0,2,0
53298,0,1,302,4,2,8,0,1,0,0,0
53299,0,1,98,4,2,8,0,0,0,1,1
53302,0,0,51,2,2,8,0,0,2,0,0
53303,0,0,205,2,2,8,0,0,1,0,0
53304,0,0,247,2,2,8,0,0,1,0,0
53309,0,1,244,2,2,8,0,0,0,1,0
53310,0,1,231,2,2,8,0,0,0,1,0
53311,0,1,321,2,2,8,0,0,1,0,1
53316,0,0,211,6,1,6,0,0,1,0,0
53317,0,0,218,6,1,6,0,0,1,0,0
53318,0,0,70,6,1,6,0,0,0,0,1
53319,0,0,135,6,1,6,0,0,1,0,0
53326,0,1,25,6,1,6,0,0,1,0,0
53327,0,1,314,6,1,6,0,1,0,0,0
53328,0,1,213,6,1,6,0,0,1,0,0
53329,0,1,301,6,1,6,0,1,0,0,0
53330,0,1,218,6,1,6,0,0,1,0,0
53331,0,1,215,6,1,6,0,0,0,0,1
53332,0,1,174,6,1,6,0,0,1,0,0
53333,0,1,244,6,1,6,0,1,0,0,0
53334,0,1,135,6,1,6,0,1,0,0,0
53335,0,1,76,6,1,6,0,1,0,0,0
53336,0,1,310,6,1,6,0,0,0,1,0
53337,0,1,24,6,1,6,0,1,0,0,0
53338,0,1,150,6,1,6,0,1,0,0,0
53339,0,1,256,6,1,6,0,0,0,1,0
53340,0,1,192,6,1,6,0,0,0,1,0
53341,0,1,238,6,1,6,0,0,0,1,0
53343,0,0,184,4,2,6,0,0,2,0,0
53346,0,1,205,4,2,6,0,0,0,1,0
53348,0,0,190,2,2,6,0,0,1,0,1
53349,0,0,270,2,2,6,0,1,0,1,0
53351,0,1,194,2,2,6,0,0,1,1,0
53352,0,1,303,2,2,6,0,0,1,0,0
53353,0,1,178,2,2,6,0,1,0,1,0
53354,0,1,99,2,2,6,0,0,2,0,0
53359,0,0,29,4,1,4,0,1,0,0,0
53360,0,0,180,4,1,4,0,0,0,1,0
53361,0,0,243,4,1,4,0,0,0,0,0
53362,0,0,225,4,1,4,0,1,0,0,0
53363,0,0,241,4,1,4,0,0,0,0,1
53364,0,0,313,4,1,4,0,0,0,0,0
53365,0,0,237,4,1,4,0,0,0,0,1
53366,0,0,152,4,1,4,0,1,0,0,0
53367,0,0,183,4,1,4,0,1,0,0,0
53368,0,0,34,4,1,4,0,0,1,0,0
53373,0,1,220,4,1,4,0,0,1,0,0
53374,0,1,288,4,1,4,0,0,1,0,0
53375,0,1,30,4,1,4,0,0,0,1,0
53376,0,1,82,4,1,4,0,0,0,0,1
53377,0,1,168,4,1,4,0,1,0,0,0
53378,0,1,247,4,1,4,0,0,1,0,0
53379,0,1,204,4,1,4,0,0,0,0,0
53380,0,1,227,4,1,4,0,1,0,0,0
53381,0,1,176,4,1,4,0,0,1,0,0
53382,0,1,84,4,1,4,0,0,1,0,0
53383,0,1,161,4,1,4,0,0,1,0,0
53384,0,1,113,4,1,4,0,0,0,0,1
53385,0,1,151,4,1,4,0,0,0,0,1
53386,0,1,183,4,1,4,0,0,0,0,1
53387,0,1,122,4,1,4,0,1,0,0,0
53388,0,1,31,4,1,4,0,0,1,0,0
53391,0,0,33,2,2,4,0,1,0,0,0
53392,0,0,47,2,2,4,0,2,0,0,0
53393,0,0,141,2,2,4,0,0,2,0,0
53399,0,1,314,2,2,4,0,1,1,0,0
53406,0,0,304,2,1,2,0,0,0,0,1
53407,0,0,18,2,1,2,0,0,1,0,0
53408,0,0,268,2,1,2,0,0,0,0,0
53409,0,0,145,2,1,2,0,0,1,0,0
53410,0,0,49,2,1,2,0,0,0,1,0
53411,0,0,102,2,1,2,0,0,0,1,0
53421,0,1,228,2,1,2,0,1,0,0,0
53422,0,1,213,2,1,2,0,0,0,0,1
53423,0,1,314,2,1,2,0,0,1,0,0
53424,0,1,275,2,1,2,0,0,0,1,0
53425,0,1,226,2,1,2,0,0,1,0,0
53426,0,1,266,2,1,2,0,0,1,0,0
53427,0,1,217,2,1,2,0,1,0,0,0
53428,0,1,161,2,1,2,0,0,1,0,0
53429,0,1,221,2,1,2,0,0,0,0,0
53430,0,1,283,2,1,2,0,0,1,0,0
53431,0,1,268,2,1,2,0,0,0,1,0
53432,0,1,214,2,1,2,0,0,0,0,1
53433,0,1,183,2,1,2,0,0,0,0,1
53434,0,1,44,2,1,2,0,1,0,0,0
53435,0,1,281,2,1,2,0,0,0,0,0
53436,0,1,304,2,1,2,0,0,0,1,0
53437,0,1,298,2,1,2,0,0,1,0,0
53438,0,1,235,2,1,2,0,0,0,0,0
53439,0,1,129,2,1,2,0,0,0,0,0
53440,0,0,152,30,10,82,1,2,3,2,2
53442,0,1,219,34,8,78,1,0,3,2,1
53444,0,1,391,36,8,68,1,3,1,2,0
53447,0,0,119,34,7,66,1,0,4,0,0
53449,0,1,349,6,11,66,1,2,5,0,1
53450,0,1,301,36,7,62,1,1,2,1,2
53451,0,0,328,34,9,62,1,0,4,2,0
53452,0,1,189,30,6,60,1,0,2,0,2
53454,0,1,171,24,7,58,1,1,1,1,1
53455,0,1,239,12,8,58,1,1,3,1,0
53457,0,0,354,6,10,56,1,3,5,1,0
53458,0,0,191,6,10,56,1,1,4,1,1
53459,0,0,371,22,6,54,1,4,0,0,0
53460,0,1,117,20,6,54,1,0,0,0,0
53461,0,0,401,16,8,54,1,0,2,1,2
53462,0,0,399,8,10,54,1,1,4,1,2
53463,0,1,261,6,10,54,1,1,4,1,1
53466,0,1,383,16,8,50,1,2,2,0,2
53467,0,1,375,14,8,50,1,2,0,2,2
53468,0,0,145,10,8,50,1,1,4,0,1
53469,0,0,188,10,9,50,1,1,2,3,1
53470,0,1,193,16,10,50,1,0,5,2,2
53473,0,1,135,30,7,48,1,1,1,0,1
53475,0,1,218,14,8,48,1,0,3,1,1
53476,0,1,425,8,9,48,1,0,4,1,1
53478,0,1,118,16,6,46,1,2,2,1,0
53479,0,0,244,18,7,46,1,0,4,1,1
53480,0,0,162,16,5,44,1,0,2,2,0
53481,0,1,353,32,6,44,1,1,0,1,0
53483,0,0,185,14,6,44,1,0,3,1,1
53484,0,0,199,16,7,44,1,2,2,1,1
53485,0,0,155,10,8,44,1,1,2,2,2
53486,0,1,345,10,8,44,1,1,2,2,0
53488,0,0,154,12,10,44,1,1,2,2,1
53489,0,1,113,36,2,42,1,0,1,0,0
53490,0,1,160,22,6,42,1,0,2,1,1
53492,0,1,287,2,7,42,1,1,2,2,1
53493,0,0,192,34,2,40,1,1,0,0,0
53494,0,1,247,32,2,40,1,1,0,0,0
53495,0,1,148,28,3,40,1,0,1,0,1
53496,0,1,263,14,6,40,1,0,2,1,0
53497,0,0,382,6,6,40,1,1,3,0,1
53499,0,1,135,36,2,38,1,1,0,0,0
53500,0,0,160,32,2,38,1,0,1,0,0
53501,0,0,228,30,2,38,1,0,1,0,0
53502,0,0,324,30,2,38,1,1,0,0,0
53503,0,0,148,16,4,38,1,1,1,0,0
53507,0,1,404,18,7,38,1,1,4,1,0
53509,0,1,138,14,9,38,1,1,3,2,1
53510,0,1,331,10,9,38,1,1,2,2,1
53511,0,1,327,4,9,38,1,1,2,2,2
53512,0,1,447,8,10,38,1,2,2,1,1
53513,0,0,320,34,2,36,1,0,0,0,1
53514,0,1,147,34,2,36,1,0,1,0,0
53515,0,1,283,34,2,36,1,0,0,0,1
53517,0,1,132,20,3,36,1,0,1,0,1
53518,0,1,206,18,4,36,1,1,2,0,0
53522,0,1,277,12,5,36,1,0,2,2,0
53524,0,1,389,12,7,36,1,1,4,0,0
53525,0,0,326,8,10,36,1,2,5,1,0
53526,0,1,166,12,11,36,1,1,1,3,2
53527,0,0,300,34,1,34,1,0,0,0,0
53528,0,0,200,34,1,34,1,0,0,0,0
53529,0,1,180,34,1,34,1,0,0,0,0
53531,0,1,298,30,2,34,1,0,0,1,0
53532,0,1,298,22,3,34,1,0,1,0,0
53533,0,1,301,14,4,34,1,0,2,1,0
53534,0,1,232,14,4,34,1,0,1,0,0
53535,0,1,215,16,6,34,1,0,1,1,2
53536,0,1,347,12,6,34,1,1,2,1,0
53541,0,0,262,10,12,34,1,3,2,3,0
53543,0,1,53,26,2,32,1,1,0,0,0
53544,0,1,200,26,2,32,1,0,0,0,0
53545,0,0,301,24,3,32,1,1,1,0,0
53546,0,0,60,14,4,32,1,1,2,0,0
53548,0,0,310,8,4,32,1,0,0,1,0
53549,0,1,167,18,5,32,1,0,1,3,0
53550,0,1,177,14,5,32,1,0,1,0,2
53552,0,1,289,4,5,32,1,1,1,1,0
53553,0,1,311,4,5,32,1,0,2,1,0
53556,0,0,228,4,8,32,1,0,2,3,0
53557,0,1,207,12,10,32,1,0,3,3,2
53560,0,0,101,30,1,30,1,0,0,0,0
53562,0,1,106,30,1,30,1,0,0,0,0
53563,0,1,241,30,1,30,1,0,0,0,0
53564,0,0,57,26,2,30,1,0,0,0,1
53565,0,1,198,26,2,30,1,0,0,0,1
