CustID,Gender,Amount purchased,Frequency,Last purchase,First purchase,P_History,P_Science,P_Business,P_Educ,P_Health
78142,0,287,12,4,24,0,3,0,0,1
78143,1,215,4,1,4,0,0,0,0,1
78144,1,261,2,1,2,0,0,0,0,1
78145,0,24,4,1,4,1,0,0,0,0
78146,1,120,8,1,8,0,0,0,0,1
78147,0,66,2,4,16,0,0,1,1,1
78148,1,42,12,1,12,0,0,1,0,0
78149,1,233,8,2,12,0,0,0,0,0
78150,1,66,12,1,12,0,0,0,0,0
78151,1,199,22,1,22,0,0,0,0,1
78152,1,295,12,2,18,0,0,1,0,1
78153,1,377,16,9,44,3,0,2,0,3
78154,1,294,14,2,16,1,0,0,0,0
78155,1,45,16,1,16,0,0,0,0,1
78156,0,95,14,1,14,0,0,0,0,1
78157,0,260,10,1,10,0,1,0,1,0
78158,1,319,16,5,32,0,0,1,0,1
78159,0,42,6,2,10,1,0,0,1,0
78160,0,324,2,2,10,1,0,0,0,1
78161,0,400,10,7,32,0,0,2,1,1
78162,0,215,2,6,16,1,0,2,2,0
78163,1,158,16,6,40,0,1,1,0,3
78164,1,257,2,1,2,0,0,0,0,1
78165,1,281,10,6,40,1,0,0,0,1
78166,0,75,10,2,16,0,1,0,1,0
78167,1,104,6,1,6,0,0,1,0,0
78168,1,324,4,11,28,4,1,0,0,1
78169,1,246,12,9,44,1,1,2,1,2
78170,1,105,4,1,4,0,0,0,0,0
78171,1,338,12,4,26,1,0,1,1,0
78172,1,160,16,8,54,0,1,3,2,1
78173,1,110,4,4,20,0,0,1,0,1
78174,1,302,2,1,2,0,0,1,0,0
78175,0,249,12,2,16,1,0,0,0,0
78176,1,248,10,9,60,3,0,2,1,0
78177,1,222,2,2,4,1,0,0,0,1
78178,0,245,26,1,26,0,0,0,1,0
78179,0,268,10,2,18,1,0,0,0,1
78180,0,286,10,7,46,1,3,2,1,0
78181,1,288,6,1,6,0,0,0,0,1
78182,0,159,12,1,12,0,0,0,0,1
78183,0,94,14,1,14,0,0,0,0,1
78184,0,304,2,1,2,0,0,0,0,0
78185,1,268,16,2,22,1,0,1,0,0
78186,0,293,2,2,4,0,0,1,0,1
78187,1,263,2,1,2,0,0,0,0,1
78188,1,181,10,1,10,0,0,0,0,1
78189,0,99,10,5,38,0,1,0,1,2
78190,1,225,12,7,38,1,0,1,0,2
78191,0,263,12,2,18,0,0,2,0,0
78192,1,86,2,1,2,0,0,0,0,1
78193,1,226,4,2,8,1,0,1,0,0
78194,0,231,4,8,42,2,2,2,0,1
78195,1,74,2,1,2,0,0,0,0,1
78196,1,318,2,2,10,1,0,0,0,1
78197,0,248,8,7,40,0,1,2,0,2
78198,0,268,12,11,42,3,2,5,0,1
78199,1,147,22,2,24,1,0,1,0,0
78200,1,194,4,1,4,0,0,1,0,0
78201,0,286,4,8,38,1,1,2,3,1
78202,1,161,4,2,6,0,0,0,1,0
78203,0,410,10,11,68,3,1,1,3,1
78204,0,350,6,12,34,2,1,5,2,1
78205,1,188,4,12,52,3,2,2,1,2
78206,0,290,14,2,18,1,0,0,0,0
78207,0,71,10,1,10,0,0,0,0,1
78208,1,214,10,5,20,0,0,2,0,1
78209,1,55,14,2,20,1,0,1,0,0
78210,0,282,16,1,16,0,0,0,1,0
78211,0,178,10,1,10,0,0,1,0,0
78212,1,269,16,1,16,0,0,0,0,1
78213,1,209,10,1,10,0,0,0,0,0
78214,0,296,2,2,10,0,0,0,1,1
78215,1,320,8,9,30,1,1,3,0,1
78216,0,230,14,1,14,0,0,0,0,0
78217,0,274,14,1,14,0,0,1,0,0
78218,1,222,4,1,4,1,0,0,0,0
78219,0,262,16,2,22,0,0,0,1,1
78220,0,146,10,1,10,0,0,1,0,0
78221,1,328,14,2,18,1,0,0,0,0
78222,1,43,2,2,6,0,0,0,1,1
78223,1,188,14,1,14,0,0,1,0,0
78224,0,225,2,2,8,0,0,0,0,2
78225,1,131,2,4,12,0,0,2,0,1
78226,1,257,8,2,16,0,1,0,0,0
78227,1,297,4,2,10,1,0,0,0,1
78228,0,321,6,3,22,0,1,0,1,1
78229,0,167,10,3,16,1,0,1,0,1
78230,1,62,4,2,10,0,1,1,0,0
78231,0,234,2,1,2,0,0,0,0,0
78232,0,228,2,2,8,0,0,1,0,1
78233,1,101,14,4,24,1,2,0,0,1
78234,1,180,8,6,30,0,1,1,0,2
78235,0,144,2,1,2,0,1,0,0,0
78236,1,253,2,1,2,0,1,0,0,0
78237,0,309,12,8,58,1,1,1,1,2
78238,1,211,10,4,34,0,1,1,0,2
78239,1,181,6,1,6,0,0,0,0,1
78240,0,323,10,7,50,2,0,3,1,0
78241,0,45,2,1,2,0,0,0,0,1
78242,1,227,6,8,36,3,1,0,2,1
78243,0,283,18,1,18,0,1,0,0,0
78244,0,309,6,4,18,0,0,0,1,2
78245,0,172,32,2,38,1,0,0,0,1
78246,0,182,22,1,22,0,0,0,0,1
78247,0,326,30,2,32,1,0,0,0,0
78248,1,143,2,1,2,0,0,0,0,0
78249,0,207,10,3,24,0,0,2,0,1
78250,1,298,6,2,10,0,0,1,0,0
78251,1,17,16,1,16,1,0,0,0,0
78252,1,226,18,10,70,3,0,1,2,3
78253,1,52,8,2,10,1,0,0,0,1
78254,0,326,6,2,10,0,0,2,0,0
78255,1,88,8,5,34,0,0,1,0,1
78256,0,201,4,7,22,1,1,0,1,2
78257,1,158,10,3,18,0,1,0,0,0
78258,0,64,10,2,16,0,0,0,0,1
78259,0,32,12,1,12,0,0,0,0,1
78260,0,256,6,3,14,1,0,0,0,0
78261,0,227,28,8,74,2,1,1,1,2
78262,1,379,8,10,60,5,2,1,1,0
78263,1,143,14,1,14,0,0,0,0,0
78264,1,205,8,5,26,1,1,1,1,1
78265,1,195,2,12,46,7,0,1,0,3
78266,0,40,16,2,24,0,0,0,0,0
78267,1,147,14,2,20,0,0,1,0,0
78268,1,291,8,8,28,3,0,1,0,2
78269,1,345,14,7,34,2,1,0,1,2
78270,1,323,2,2,6,0,0,1,0,1
78271,0,89,10,1,10,0,0,0,0,1
78272,0,254,12,9,64,0,2,2,1,2
78273,1,302,2,11,56,2,1,4,0,1
78274,0,360,10,9,60,3,1,0,2,3
78275,1,91,2,3,10,0,0,1,1,0
78276,0,257,14,2,16,1,0,0,0,1
78277,0,331,8,11,64,1,1,3,1,2
78278,1,277,2,1,2,0,0,1,0,0
78279,1,109,4,5,32,1,2,0,0,2
78280,0,333,4,4,14,2,0,0,0,0
78281,1,294,4,12,34,3,2,2,1,1
78282,0,20,10,1,10,0,0,0,1,0
78283,1,240,6,1,6,0,0,0,0,1
78284,1,116,2,6,36,2,1,0,0,0
78285,0,170,2,6,26,1,2,0,0,1
78286,0,181,12,1,12,0,0,0,0,0
78287,0,125,4,4,26,2,0,0,0,2
78288,1,291,6,2,10,0,0,0,0,0
78289,0,263,14,1,14,0,0,0,0,1
78290,0,444,10,11,66,1,0,3,2,3
78291,0,151,4,2,10,1,0,0,0,1
78292,1,289,10,3,18,0,0,1,0,1
78293,0,309,2,1,2,0,0,0,0,1
78294,0,335,6,5,28,0,0,2,0,1
78295,1,282,4,2,8,0,0,1,1,0
78296,0,242,8,1,8,1,0,0,0,0
78297,0,208,6,2,12,0,0,2,0,0
78298,0,286,4,11,30,3,1,3,0,2
78299,0,312,14,2,20,1,0,0,0,0
78300,1,203,2,2,6,0,1,0,0,1
78301,1,217,16,11,46,2,2,2,0,1
78302,1,409,8,12,60,6,2,1,1,1
78303,0,122,8,4,20,1,1,0,0,2
78304,0,204,6,1,6,0,0,0,0,1
78305,1,250,20,12,88,1,0,2,1,4
78306,1,141,12,4,30,1,0,1,0,1
78307,0,96,14,5,34,1,0,0,1,2
78308,1,54,10,2,18,1,0,0,0,1
78309,1,197,8,2,12,1,0,1,0,0
78310,0,286,10,1,10,0,0,1,0,0
78311,0,163,10,1,10,0,0,0,0,1
78312,0,274,6,2,10,0,1,1,0,0
78313,0,66,12,2,18,0,2,0,0,0
78314,1,174,8,5,22,1,0,3,0,0
78315,0,118,12,1,12,0,0,0,1,0
78316,0,41,10,1,10,0,0,0,1,0
78317,1,286,12,2,18,0,0,0,0,1
78318,0,427,14,11,74,4,1,1,1,2
78319,1,444,10,11,74,5,1,3,0,1
78320,0,310,4,2,8,0,0,1,0,1
78321,0,151,32,1,32,0,0,0,0,0
78322,1,72,10,1,10,0,0,0,0,1
78323,0,140,4,1,4,1,0,0,0,0
78324,1,231,12,2,14,0,0,0,0,1
78325,1,225,14,1,14,1,0,0,0,0
78326,0,129,8,3,24,0,0,2,1,0
78327,0,291,6,2,8,0,0,1,0,0
78328,1,123,12,4,30,1,0,0,0,2
78329,0,252,8,6,30,1,0,1,2,1
78330,1,278,10,2,16,0,0,2,0,0
78331,1,189,10,1,10,0,0,1,0,0
78332,1,187,6,11,38,2,0,3,2,1
78333,1,125,14,6,48,2,1,1,0,2
78334,0,290,2,2,8,0,0,0,0,1
78335,1,160,4,9,26,2,1,1,0,2
78336,1,319,2,5,14,0,1,2,0,2
78337,1,207,16,1,16,1,0,0,0,0
78338,1,310,30,2,36,0,0,0,1,1
78339,1,189,4,11,30,0,1,3,1,2
78340,1,274,2,2,4,1,0,1,0,0
78341,0,125,4,2,10,0,0,1,0,0
78342,0,221,4,2,10,0,1,0,0,1
78343,0,136,2,2,8,1,0,0,1,0
78344,1,167,8,2,14,1,0,0,0,1
78345,0,68,4,2,10,0,0,0,1,0
78346,1,40,12,1,12,0,0,1,0,0
78347,1,289,8,1,8,0,0,0,0,0
78348,0,235,28,1,28,0,0,0,1,0
78349,1,66,12,1,12,0,0,0,1,0
78350,1,49,4,1,4,0,0,1,0,0
78351,1,198,10,5,28,3,0,1,0,0
78352,1,56,20,2,28,1,0,0,0,0
78353,1,285,24,2,28,0,0,2,0,0
78354,1,316,10,8,28,4,2,2,0,0
78355,1,201,32,2,34,1,0,0,0,0
78356,0,170,24,1,24,1,0,0,0,0
78357,0,74,22,2,26,1,0,0,0,1
78358,1,128,12,2,18,0,1,1,0,0
78359,0,205,14,1,14,1,0,0,0,0
78360,1,79,2,2,8,1,0,1,0,0
78361,1,326,2,2,6,1,0,1,0,0
78362,1,241,10,1,10,1,0,0,0,0
78363,1,193,14,2,22,1,0,0,1,0
78364,0,175,4,1,4,1,0,0,0,0
78365,0,170,12,10,50,4,2,2,0,0
78366,1,121,4,2,12,0,0,0,0,0
78367,1,51,4,2,8,0,0,2,0,0
78368,0,92,16,1,16,0,0,0,0,0
78369,0,202,10,1,10,0,0,0,0,0
78370,1,150,16,4,40,1,0,3,0,0
78371,0,54,32,3,46,1,1,1,0,0
78372,0,306,14,1,14,1,0,0,0,0
78373,0,272,36,2,38,1,0,1,0,0
78374,0,48,12,1,12,0,1,0,0,0
78375,1,256,12,3,26,1,1,0,1,0
78376,1,276,26,1,26,0,0,1,0,0
78377,1,274,4,9,22,0,2,4,2,1
78378,1,377,14,6,42,2,0,0,1,0
78379,1,26,8,1,8,0,0,0,1,0
78380,0,76,8,2,12,0,0,1,0,1
78381,1,269,2,1,2,0,1,0,0,0
78382,1,164,12,7,30,1,1,3,0,1
78383,0,227,22,2,24,0,0,1,1,0
78384,1,177,14,2,20,0,0,2,0,0
78385,1,130,8,2,14,1,0,0,0,0
78386,1,111,34,1,34,0,1,0,0,0
78387,1,220,4,2,8,0,1,0,0,0
78388,0,236,4,2,8,0,0,1,0,0
78389,1,260,2,2,6,1,0,0,0,1
78390,0,103,16,2,22,0,0,1,0,1
78391,1,174,22,3,38,0,0,1,2,0
78392,1,119,32,1,32,1,0,0,0,0
78393,1,138,6,2,8,0,1,1,0,0
78394,1,324,2,6,26,0,0,3,0,2
78395,1,63,10,2,18,1,0,0,0,1
78396,1,152,10,1,10,0,0,1,0,0
78397,0,131,12,1,12,0,0,0,1,0
78398,1,359,8,4,28,0,1,1,0,0
78399,1,85,24,2,32,0,0,1,0,0
78400,0,177,2,1,2,0,0,0,0,0
78401,0,458,10,11,56,4,2,3,0,1
78402,1,240,8,1,8,1,0,0,0,0
78403,1,171,2,2,10,1,1,0,0,0
78404,1,300,26,8,70,1,3,0,2,1
78405,0,331,30,7,60,1,1,1,1,3
78406,0,328,28,2,34,1,0,1,0,0
78407,1,226,14,1,14,0,0,1,0,0
78408,0,342,12,6,28,3,1,1,1,0
78409,1,65,16,1,16,0,0,0,0,1
78410,1,297,8,1,8,0,0,0,1,0
78411,1,52,6,1,6,1,0,0,0,0
78412,1,166,6,1,6,0,0,0,1,0
78413,1,262,24,1,24,1,0,0,0,0
78414,0,141,16,2,22,0,0,1,1,0
78415,0,115,18,1,18,0,0,0,0,1
78416,1,82,4,1,4,1,0,0,0,0
78417,1,244,24,2,28,1,0,0,1,0
78418,0,313,12,1,12,0,0,0,1,0
78419,0,15,12,1,12,0,0,0,1,0
78420,1,316,10,2,14,0,0,1,1,0
78421,1,311,16,2,20,0,0,1,1,0
78422,1,129,16,2,20,0,1,0,0,0
78423,1,213,16,7,54,2,0,3,0,1
78424,1,76,6,2,12,1,0,0,0,1
78425,1,156,10,4,32,1,1,1,1,0
78426,1,310,16,1,16,0,0,1,0,0
78427,1,171,26,2,34,0,0,1,0,0
78428,1,201,10,7,52,1,1,3,0,0
78429,0,181,4,2,6,0,0,1,0,0
78430,1,365,12,6,46,2,2,0,0,0
78431,0,242,36,1,36,0,0,0,0,1
78432,0,330,14,3,26,0,1,0,2,0
78433,0,245,32,12,64,5,1,2,2,1
78434,0,167,22,1,22,1,0,0,0,0
78435,1,259,20,5,34,1,0,2,1,0
78436,1,266,28,7,48,1,0,0,3,2
78437,0,300,30,7,64,1,2,0,3,0
78438,1,289,14,6,32,0,0,1,3,1
78439,1,231,12,7,48,0,2,1,1,1
78440,1,231,10,5,24,1,2,0,0,0
78441,1,185,16,4,40,1,1,1,0,0
78442,1,157,14,2,18,2,0,0,0,0
78443,1,461,10,11,66,3,0,3,2,1
78444,0,50,8,1,8,0,1,0,0,0
78445,1,91,18,1,18,1,0,0,0,0
78446,1,303,12,2,16,2,0,0,0,0
78447,1,138,6,2,12,0,0,2,0,0
78448,1,247,12,2,18,1,0,1,0,0
78449,0,120,14,2,22,1,0,0,0,0
78450,1,327,2,6,26,3,0,1,0,1
78451,1,247,4,1,4,0,0,0,1,0
78452,0,124,6,4,20,0,0,3,0,0
78453,1,229,14,7,30,2,0,1,0,1
78454,1,284,8,2,14,2,0,0,0,0
78455,0,247,4,2,6,1,0,0,0,0
78456,1,305,14,9,32,4,1,1,0,1
78457,1,254,36,2,42,0,1,1,0,0
78458,1,257,14,3,22,2,1,0,0,0
78459,1,109,12,2,16,1,0,0,1,0
78460,1,325,16,2,18,0,0,0,0,1
78461,0,343,16,4,30,1,1,2,0,0
78462,1,58,10,2,16,0,2,0,0,0
78463,1,213,16,6,36,4,0,1,0,0
78464,1,188,22,5,38,2,1,1,0,0
78465,1,218,4,7,44,2,0,1,1,1
78466,0,234,16,7,54,2,2,2,1,0
78467,1,294,14,2,20,0,0,2,0,0
78468,1,185,12,1,12,1,0,0,0,0
78469,0,411,8,12,66,2,0,2,4,2
78470,1,205,4,1,4,0,1,0,0,0
78471,0,245,12,1,12,0,1,0,0,0
78472,0,91,28,2,32,2,0,0,0,0
78473,1,43,26,1,26,0,1,0,0,0
78474,0,210,10,2,16,1,0,0,1,0
78475,1,120,16,1,16,0,0,0,0,1
78476,1,314,10,8,30,3,1,2,1,0
78477,0,72,8,2,10,1,0,0,0,1
78478,0,53,36,2,42,0,0,2,0,0
78479,0,208,8,9,56,1,0,3,2,1
78480,1,307,10,1,10,0,0,0,0,1
78481,1,369,22,7,64,3,0,2,1,0
78482,0,385,16,7,46,1,1,2,0,0
78483,0,135,16,4,24,0,2,0,1,0
78484,1,268,12,2,16,1,0,0,0,0
78485,0,112,16,6,38,2,0,2,0,0
78486,0,407,8,11,68,3,1,4,0,1
78487,1,79,24,2,28,0,0,2,0,0
78488,1,237,14,1,14,0,0,0,0,1
78489,1,93,2,5,32,4,0,0,1,0
78490,1,329,2,6,22,0,1,2,2,0
78491,0,185,4,1,4,0,0,1,0,0
78492,1,210,14,1,14,1,0,0,0,0
78493,0,264,14,2,16,1,0,0,1,0
78494,1,70,4,2,8,2,0,0,0,0
78495,1,96,32,2,40,0,1,0,1,0
78496,1,285,20,8,44,1,2,3,1,0
78497,1,98,10,2,16,1,0,1,0,0
78498,0,211,14,3,28,1,0,0,2,0
78499,1,343,2,4,16,0,1,1,1,1
78500,1,280,32,11,60,4,2,2,1,0
78501,0,248,16,1,16,0,0,1,0,0
78502,1,260,16,2,20,1,0,0,0,1
78503,0,272,6,2,12,0,1,1,0,0
78504,1,134,10,4,20,1,0,1,0,0
78505,1,151,14,1,14,1,0,0,0,0
78506,0,122,24,1,24,0,0,0,0,0
78507,1,321,32,11,66,2,1,3,0,3
78508,1,262,6,1,6,0,0,0,0,0
78509,0,204,36,2,44,0,2,0,0,0
78510,1,147,16,2,22,0,0,1,0,0
78511,0,249,10,1,10,0,0,1,0,0
78512,0,69,12,2,14,0,0,1,1,0
78513,1,172,8,1,8,0,0,0,0,0
78514,1,279,12,2,16,0,0,0,1,0
78515,1,157,16,1,16,0,1,0,0,0
78516,0,275,16,2,22,0,0,2,0,0
78517,1,32,28,2,36,1,0,0,0,1
78518,1,96,16,1,16,0,0,0,0,0
78519,1,75,10,1,10,0,0,0,1,0
78520,1,303,4,2,6,1,0,1,0,0
78521,1,275,6,1,6,0,0,0,1,0
78522,1,220,2,2,6,0,0,0,0,1
78523,1,90,16,1,16,0,0,1,0,0
78524,0,296,14,1,14,0,0,0,0,0
78525,1,129,8,2,16,1,0,0,0,0
78526,1,122,10,4,24,0,1,0,0,2
78527,1,206,8,1,8,0,0,0,0,0
78528,1,329,14,2,22,1,1,0,0,0
78529,1,287,14,1,14,0,1,0,0,0
78530,1,155,16,2,18,0,0,0,1,1
78531,1,290,22,2,28,0,0,0,0,1
78532,1,313,10,2,14,0,0,1,0,1
78533,1,100,16,6,34,3,1,1,1,0
78534,1,97,6,2,12,1,0,0,1,0
78535,1,364,12,8,36,1,0,3,1,1
78536,1,80,14,1,14,0,0,1,0,0
78537,1,280,16,1,16,0,0,1,0,0
78538,0,294,16,2,22,0,0,0,0,0
78539,1,328,16,2,20,1,0,0,1,0
78540,1,175,14,1,14,0,0,0,0,0
78541,0,100,34,5,46,1,1,0,0,0
78542,1,106,14,1,14,1,0,0,0,0
78543,0,30,34,2,36,2,0,0,0,0
78544,1,68,14,2,20,1,0,0,1,0
78545,1,45,4,1,4,0,0,1,0,0
78546,1,306,12,2,18,0,1,0,0,1
78547,1,95,32,2,40,0,0,0,1,1
78548,1,249,12,1,12,0,0,1,0,0
78549,1,396,14,8,34,1,1,1,3,2
78550,1,128,14,2,16,0,1,1,0,0
78551,0,151,32,1,32,0,0,1,0,0
78552,1,97,12,1,12,1,0,0,0,0
78553,1,235,26,2,32,0,0,1,0,0
78554,1,262,18,2,22,0,0,1,0,0
78555,1,304,12,1,12,1,0,0,0,0
78556,0,346,10,7,34,1,2,1,2,1
78557,1,433,16,9,52,4,1,2,1,1
78558,1,461,4,11,56,5,1,1,2,1
78559,1,255,34,3,50,1,0,1,1,0
78560,1,243,10,4,28,0,1,1,2,0
78561,1,53,4,2,12,1,0,0,0,0
78562,1,309,18,2,26,1,0,0,0,1
78563,1,39,30,1,30,0,0,1,0,0
78564,0,97,20,1,20,0,0,1,0,0
78565,0,59,6,2,8,1,1,0,0,0
78566,0,204,16,1,16,0,0,1,0,0
78567,0,322,28,2,32,1,1,0,0,0
78568,0,94,10,2,16,0,0,0,0,0
78569,1,24,14,1,14,0,0,1,0,0
78570,0,226,10,2,14,0,0,1,0,1
78571,1,164,6,2,10,1,0,0,1,0
78572,1,44,16,1,16,0,0,0,1,0
78573,1,54,28,1,28,1,0,0,0,0
78574,1,372,4,9,34,2,3,3,0,0
78575,0,195,30,6,48,3,0,2,0,0
78576,1,193,12,12,54,2,1,3,4,1
78577,0,229,20,2,26,0,0,2,0,0
78578,0,250,14,1,14,1,0,0,0,0
78579,1,55,12,1,12,0,1,0,0,0
78580,1,146,12,1,12,0,0,0,1,0
78581,0,166,12,2,18,2,0,0,0,0
78582,1,236,16,6,42,2,1,3,0,0
78583,0,267,10,9,30,2,0,4,1,1
78584,1,59,14,2,22,0,1,0,0,1
78585,1,247,6,10,46,3,2,1,3,0
78586,1,249,14,2,16,0,0,1,1,0
78587,0,132,14,1,14,0,0,0,0,0
78588,1,305,20,1,20,0,0,0,0,0
78589,0,76,32,1,32,0,1,0,0,0
78590,1,65,4,1,4,0,0,0,1,0
78591,1,135,8,4,22,0,0,3,0,1
78592,1,200,4,1,4,0,1,0,0,0
78593,0,203,10,2,12,1,0,1,0,0
78594,0,37,4,2,10,0,0,1,0,1
78595,1,98,2,3,18,0,0,2,0,0
78596,1,121,8,1,8,1,0,0,0,0
78597,0,56,4,1,4,0,0,1,0,0
78598,0,300,26,2,28,0,0,1,1,0
78599,1,228,14,1,14,0,0,0,0,1
78600,1,233,22,1,22,0,0,1,0,0
78601,1,55,16,1,16,0,0,0,0,0
78602,1,200,2,2,6,0,1,0,0,0
78603,1,147,10,1,10,0,1,0,0,0
78604,0,185,14,5,34,0,0,1,1,1
78605,0,208,14,2,18,1,0,1,0,0
78606,1,78,16,1,16,1,0,0,0,0
78607,1,328,2,5,12,2,0,0,1,1
78608,1,199,14,2,18,0,0,0,1,1
78609,1,324,10,2,18,1,1,0,0,0
78610,1,46,10,2,14,1,0,1,0,0
78611,1,279,18,4,36,0,0,2,0,0
78612,1,93,32,2,40,0,0,0,0,0
78613,1,243,6,6,26,3,0,0,1,0
78614,1,293,10,1,10,0,1,0,0,0
78615,0,244,30,5,48,0,0,4,1,0
78616,1,287,4,2,6,0,0,0,1,1
78617,1,188,16,1,16,0,0,1,0,0
78618,0,297,26,2,30,0,0,0,0,1
78619,0,196,12,2,20,0,1,0,1,0
78620,1,180,10,2,14,0,1,0,1,0
78621,0,312,28,1,28,0,1,0,0,0
78622,1,178,28,1,28,0,0,0,0,1
78623,1,87,14,2,16,0,0,1,1,0
78624,0,79,26,1,26,0,0,0,0,0
78625,1,281,2,2,8,0,2,0,0,0
78626,0,128,14,1,14,0,0,1,0,0
78627,1,245,12,1,12,0,0,0,1,0
78628,1,228,10,10,64,2,2,3,1,0
78629,1,169,8,3,18,0,0,0,0,1
78630,1,88,4,2,8,0,0,2,0,0
78631,1,163,16,2,20,0,0,0,0,1
78632,1,196,16,4,32,1,2,1,0,0
78633,1,83,16,1,16,0,0,1,0,0
78634,0,52,16,3,26,2,0,0,0,0
78635,1,262,36,12,76,3,2,2,1,3
78636,1,25,30,1,30,0,0,0,0,0
78637,0,29,4,1,4,0,0,1,0,0
78638,0,118,26,3,44,0,1,0,1,0
78639,0,46,2,1,2,1,0,0,0,0
78640,1,281,28,5,44,2,1,0,1,1
78641,0,244,8,12,32,3,5,1,3,0
78642,1,140,6,1,6,1,0,0,0,0
78643,1,181,12,1,12,1,0,0,0,0
78644,1,178,16,1,16,0,0,0,0,0
78645,0,105,2,2,8,1,0,0,0,0
78646,1,100,16,2,20,1,0,0,1,0
78647,1,290,12,11,66,3,3,4,1,0
78648,0,243,14,11,78,3,1,5,0,2
78649,1,194,34,6,50,1,1,0,2,1
78650,0,196,32,1,32,0,0,0,1,0
78651,1,239,2,7,20,2,0,2,1,2
78652,1,34,30,1,30,1,0,0,0,0
78653,1,304,30,1,30,0,0,0,0,1
78654,1,103,36,4,46,2,0,1,0,0
78655,0,85,10,1,10,0,0,0,0,1
78656,1,127,32,2,36,0,1,0,0,1
78657,1,306,10,1,10,0,0,1,0,0
78658,1,94,10,2,12,0,0,1,1,0
78659,1,121,4,3,12,0,0,1,1,1
78660,1,263,4,2,12,0,0,1,0,0
78661,1,182,2,6,18,1,1,0,0,0
78662,1,283,2,1,2,0,0,1,0,0
78663,1,155,14,1,14,0,1,0,0,0
78664,0,189,30,1,30,0,0,0,0,1
78665,1,189,24,9,48,2,0,1,1,4
78666,0,294,26,1,26,0,0,0,0,0
78667,0,144,24,5,42,1,1,2,0,1
78668,0,277,6,5,30,1,1,2,0,0
78669,1,114,10,4,30,1,0,1,0,2
78670,1,193,28,2,36,0,0,0,0,2
78671,1,80,34,1,34,0,0,0,0,0
78672,1,57,10,1,10,0,0,1,0,0
78673,1,41,14,1,14,0,0,0,0,0
78674,1,229,14,10,38,1,0,4,2,2
78675,1,391,12,8,46,2,1,3,1,0
78676,0,33,10,1,10,0,0,1,0,0
78677,1,15,16,1,16,1,0,0,0,0
78678,1,264,14,1,14,0,0,0,0,1
78679,1,300,32,4,42,1,2,1,0,0
78680,1,55,30,2,36,0,1,0,0,0
78681,1,442,16,12,48,2,0,3,2,2
78682,1,305,4,2,12,2,0,0,0,0
78683,0,125,12,1,12,1,0,0,0,0
78684,1,201,14,8,46,3,0,3,1,0
78685,1,305,2,4,18,0,1,0,0,0
78686,1,190,18,2,26,1,1,0,0,0
78687,1,178,16,1,16,1,0,0,0,0
78688,1,44,8,2,10,0,2,0,0,0
78689,1,206,20,11,60,1,1,5,1,2
78690,1,145,4,2,8,1,0,1,0,0
78691,0,59,14,2,22,1,0,0,1,0
78692,0,114,4,1,4,0,0,0,1,0
78693,1,179,26,3,32,1,0,0,1,0
78694,0,156,4,1,4,0,0,1,0,0
78695,1,67,2,1,2,1,0,0,0,0
78696,1,73,16,1,16,0,0,0,1,0
78697,0,52,14,2,20,0,0,1,0,0
78698,1,25,14,1,14,0,0,1,0,0
78699,0,220,26,5,44,2,1,1,0,0
78700,1,228,22,1,22,1,0,0,0,0
78701,1,405,6,11,60,2,1,1,2,0
78702,0,51,10,1,10,0,0,0,0,0
78703,1,282,10,1,10,0,0,0,0,0
78704,1,261,14,6,48,2,0,0,1,0
78705,1,233,10,5,36,1,1,2,0,1
78706,0,49,8,1,8,0,1,0,0,0
78707,1,240,6,8,48,1,1,4,1,1
78708,0,215,10,1,10,1,0,0,0,0
78709,1,393,16,11,54,4,1,1,0,2
78710,0,139,10,4,28,1,0,0,0,0
78711,1,170,28,3,44,0,0,2,0,0
78712,1,153,10,5,38,2,0,0,1,2
78713,0,194,10,8,42,2,1,2,1,1
78714,1,236,16,2,20,0,1,0,0,0
78715,0,177,16,11,78,3,0,3,3,2
78716,1,71,4,2,8,1,0,0,0,0
78717,1,419,4,12,72,3,1,2,2,2
78718,1,265,10,2,16,1,1,0,0,0
78719,1,63,4,2,12,0,0,1,0,0
78720,0,247,32,9,62,4,2,1,1,1
78721,0,199,12,1,12,0,0,0,1,0
78722,0,287,4,1,4,0,0,1,0,0
78723,0,124,12,2,14,0,0,0,1,1
78724,1,77,8,1,8,0,0,1,0,0
78725,1,223,12,2,18,0,1,0,1,0
78726,1,439,2,10,60,2,2,3,2,0
78727,1,220,10,2,14,0,0,1,0,1
78728,0,309,24,2,28,1,0,0,0,0
78729,0,63,16,4,30,1,0,1,1,0
78730,0,78,10,3,20,1,1,1,0,0
78731,1,387,2,6,28,1,0,2,0,2
78732,0,16,6,1,6,0,0,0,0,0
78733,1,208,2,1,2,0,0,1,0,0
78734,1,303,4,2,6,0,0,1,1,0
78735,1,199,10,1,10,0,0,0,1,0
78736,1,65,12,2,16,1,1,0,0,0
78737,1,266,30,1,30,1,0,0,0,0
78738,1,223,28,3,42,0,0,0,2,1
78739,1,51,34,1,34,0,0,0,1,0
78740,1,47,6,1,6,0,0,1,0,0
78741,0,233,4,2,8,1,1,0,0,0
78742,1,292,16,9,56,1,2,3,2,0
78743,1,244,8,2,14,0,0,1,0,0
78744,1,230,20,2,24,0,0,0,0,1
78745,0,198,16,2,20,0,0,1,0,1
78746,0,255,10,2,16,0,0,0,0,2
78747,0,61,20,2,22,0,0,1,0,0
78748,1,238,12,12,36,1,2,3,2,1
78749,1,348,16,6,38,2,0,2,2,0
78750,1,78,14,2,18,0,1,0,0,0
78751,1,356,12,9,62,1,1,2,2,2
78752,0,297,12,1,12,1,0,0,0,0
78753,0,18,12,1,12,0,0,0,1,0
78754,0,19,24,1,24,0,0,1,0,0
78755,1,332,14,6,44,1,0,2,1,0
78756,1,167,12,1,12,0,0,1,0,0
78757,1,100,34,2,40,1,0,0,0,1
78758,0,323,14,2,16,0,0,2,0,0
78759,0,368,10,5,36,2,1,0,0,1
78760,1,227,14,3,22,1,0,0,1,0
78761,1,75,10,4,18,1,0,0,0,1
78762,0,114,6,2,10,0,0,2,0,0
78763,1,230,10,1,10,0,0,0,0,1
78764,1,276,12,5,22,0,1,3,1,0
78765,1,114,2,2,4,1,0,0,1,0
78766,1,105,16,2,22,1,0,0,1,0
78767,1,264,16,2,18,0,0,0,1,0
78768,1,212,6,2,14,0,0,0,0,1
78769,1,224,14,1,14,0,1,0,0,0
78770,1,230,16,1,16,0,0,0,1,0
78771,1,56,14,1,14,0,0,0,0,0
78772,1,335,2,7,16,1,0,2,2,2
78773,0,83,14,2,20,0,0,1,1,0
78774,1,325,12,8,44,2,1,0,4,1
78775,1,189,14,2,22,0,0,2,0,0
78776,1,287,12,5,36,0,2,2,1,0
78777,0,393,36,12,64,1,3,2,3,3
78778,1,219,14,1,14,0,1,0,0,0
78779,1,386,14,12,42,6,0,4,1,1
78780,0,249,16,2,20,0,0,2,0,0
78781,1,232,14,1,14,0,0,1,0,0
78782,1,90,8,2,12,0,0,2,0,0
78783,1,209,32,2,40,0,0,2,0,0
78784,0,207,12,1,12,0,0,0,0,0
78785,0,335,20,8,56,1,1,3,1,0
78786,1,238,4,1,4,0,1,0,0,0
78787,1,211,16,1,16,0,0,1,0,0
78788,0,130,16,2,20,1,0,0,0,1
78789,1,229,20,2,28,1,0,1,0,0
78790,1,234,32,2,38,0,0,1,0,1
78791,1,124,10,2,12,1,0,0,0,1
78792,1,325,6,2,8,0,1,1,0,0
78793,1,94,16,1,16,0,1,0,0,0
78794,1,301,12,1,12,0,0,0,1,0
78795,1,24,10,1,10,0,0,0,1,0
78796,1,74,30,1,30,0,0,1,0,0
78797,0,296,34,2,42,1,0,0,1,0
78798,1,284,8,1,8,1,0,0,0,0
78799,1,35,18,2,26,0,0,0,1,0
78800,0,149,12,2,16,1,0,0,1,0
78801,1,135,10,8,42,3,1,1,1,0
78802,1,311,10,2,16,0,0,0,1,1
78803,0,435,16,12,50,1,3,3,2,2
78804,1,323,12,7,26,3,1,1,0,1
78805,1,276,12,2,14,0,0,1,0,0
78806,0,329,12,6,24,1,0,1,1,1
78807,1,238,10,1,10,0,0,0,1,0
78808,1,222,12,3,24,0,0,1,1,0
78809,1,155,6,6,20,2,1,1,1,0
78810,0,203,6,1,6,1,0,0,0,0
78811,1,56,8,2,10,2,0,0,0,0
78812,1,44,8,2,10,2,0,0,0,0
78813,1,173,6,2,14,0,0,0,0,2
78814,1,276,4,1,4,0,0,0,0,1
78815,1,82,22,1,22,0,0,1,0,0
78816,1,61,16,2,24,1,0,1,0,0
78817,1,165,14,2,22,0,0,1,1,0
78818,1,273,32,1,32,0,0,0,1,0
78819,1,228,4,2,12,0,0,1,1,0
78820,1,291,24,11,62,1,2,5,1,0
78821,0,293,22,2,28,2,0,0,0,0
78822,1,272,16,10,54,3,2,3,0,0
78823,1,208,14,2,20,0,0,1,0,1
78824,0,292,16,5,38,2,0,1,0,1
78825,1,248,6,1,6,0,0,0,1,0
78826,1,351,14,9,64,1,0,6,1,0
78827,1,269,14,7,30,1,1,3,0,1
78828,0,166,32,11,76,2,1,4,1,1
78829,1,50,12,1,12,0,0,0,0,0
78830,1,89,16,2,18,0,2,0,0,0
78831,0,104,14,2,18,0,1,0,1,0
78832,1,302,18,1,18,1,0,0,0,0
78833,1,249,14,1,14,1,0,0,0,0
78834,1,207,14,2,20,0,1,0,0,0
78835,1,224,10,3,24,2,0,1,0,0
78836,0,47,12,1,12,0,0,1,0,0
78837,1,225,4,2,6,0,0,2,0,0
78838,1,42,16,1,16,0,0,1,0,0
78839,1,132,4,1,4,1,0,0,0,0
78840,1,291,10,1,10,1,0,0,0,0
78841,1,17,32,1,32,0,0,0,1,0
78842,0,374,22,10,80,2,2,2,2,1
78843,1,259,6,5,20,2,0,2,0,0
78844,0,118,4,2,12,1,0,1,0,0
78845,1,359,30,8,52,3,2,1,0,1
78846,1,70,12,1,12,0,1,0,0,0
78847,0,238,2,1,2,0,0,0,1,0
78848,1,155,14,2,18,0,0,0,1,0
78849,1,263,12,1,12,0,0,0,0,0
78850,1,277,2,8,34,1,2,2,1,1
78851,1,228,28,1,28,0,0,0,0,0
78852,0,295,14,1,14,0,0,1,0,0
78853,0,350,4,11,60,2,1,2,3,2
78854,0,157,32,6,52,0,3,0,1,0
78855,0,47,14,2,16,0,0,0,0,1
78856,0,104,8,2,10,1,0,1,0,0
78857,0,86,8,1,8,0,1,0,0,0
78858,1,295,8,2,12,0,0,1,0,0
78859,0,159,14,1,14,1,0,0,0,0
78860,1,119,16,1,16,0,0,1,0,0
78861,0,221,16,1,16,0,0,0,0,1
78862,0,223,6,4,16,1,0,3,0,0
78863,1,198,10,1,10,1,0,0,0,0
78864,1,283,12,12,54,1,1,6,2,1
78865,1,16,4,1,4,0,0,1,0,0
78866,1,268,34,1,34,1,0,0,0,0
78867,1,393,6,9,34,4,2,0,2,0
78868,1,197,12,1,12,0,0,1,0,0
78869,1,152,12,1,12,1,0,0,0,0
78870,0,172,14,5,30,1,0,4,0,0
78871,1,36,18,2,24,0,0,0,2,0
78872,0,125,10,2,14,1,0,1,0,0
78873,1,33,32,2,40,0,0,1,0,0
78874,0,138,10,2,18,0,0,2,0,0
78875,1,138,2,5,16,1,0,1,0,0
78876,1,193,4,2,8,1,0,0,0,0
78877,1,114,8,7,26,3,0,0,1,2
78878,0,258,2,3,10,1,0,0,1,0
78879,0,254,4,1,4,0,0,0,0,0
78880,1,124,24,3,32,1,1,0,0,0
78881,1,107,6,2,10,1,0,0,0,1
78882,0,22,18,1,18,0,0,0,0,0
78883,0,236,16,2,24,0,0,0,2,0
78884,1,216,16,1,16,0,1,0,0,0
78885,1,82,16,2,20,1,0,1,0,0
78886,1,272,36,1,36,1,0,0,0,0
78887,1,173,16,2,22,2,0,0,0,0
78888,1,207,8,1,8,0,0,0,0,1
78889,1,102,14,2,16,0,0,1,0,0
78890,1,115,28,1,28,0,0,0,1,0
78891,0,315,2,6,36,2,0,1,1,0
78892,1,224,14,1,14,1,0,0,0,0
78893,1,48,26,2,28,0,0,1,0,0
78894,1,246,12,1,12,0,0,1,0,0
78895,1,158,12,2,20,0,1,0,1,0
78896,1,207,14,7,40,2,0,2,0,2
78897,1,204,14,12,42,1,1,4,3,1
78898,1,159,14,2,16,0,0,2,0,0
78899,0,328,8,2,14,0,0,0,1,0
78900,1,79,14,3,28,2,0,1,0,0
78901,0,252,4,6,38,2,0,0,1,1
78902,0,143,30,1,30,1,0,0,0,0
78903,1,120,10,4,30,1,1,1,0,0
78904,1,346,4,6,22,2,1,1,2,0
78905,1,357,2,5,20,0,0,3,2,0
78906,1,302,30,7,66,2,2,1,0,1
78907,0,226,12,5,40,2,0,0,1,1
78908,1,167,4,7,26,3,1,1,1,1
78909,0,248,6,3,22,0,0,1,1,0
78910,1,97,14,2,16,0,0,0,0,2
78911,1,317,4,10,48,1,0,4,3,1
78912,0,136,34,2,40,1,0,0,1,0
78913,1,259,16,1,16,1,0,0,0,0
78914,1,16,6,1,6,0,0,1,0,0
78915,0,206,12,1,12,0,0,0,1,0
78916,1,352,12,8,40,1,0,2,2,2
78917,0,117,16,7,44,1,1,2,0,1
78918,1,245,2,8,28,3,0,3,2,0
78919,1,215,2,1,2,0,0,0,0,0
78920,1,104,16,2,24,1,1,0,0,0
78921,1,68,14,1,14,1,0,0,0,0
78922,1,42,10,1,10,0,0,1,0,0
78923,1,249,6,4,26,0,0,1,1,1
78924,1,201,10,1,10,0,1,0,0,0
78925,1,274,12,6,48,1,1,2,1,0
78926,0,345,4,6,24,1,1,2,0,1
78927,0,122,2,2,6,0,0,2,0,0
78928,1,207,2,1,2,0,0,0,0,0
78929,0,118,14,2,22,0,1,1,0,0
78930,1,128,16,2,22,0,0,1,1,0
78931,0,40,14,2,16,1,0,0,1,0
78932,1,141,14,3,20,0,2,0,1,0
78933,1,168,8,10,48,3,4,2,0,1
78934,1,118,14,1,14,0,0,1,0,0
78935,1,116,14,2,20,1,0,1,0,0
78936,0,70,32,1,32,0,0,1,0,0
78937,1,104,24,1,24,0,0,0,1,0
78938,1,435,10,12,50,2,1,3,3,3
78939,1,180,2,4,10,1,1,1,1,0
78940,1,246,14,10,66,4,1,1,2,2
78941,0,218,2,2,4,0,1,1,0,0
78942,1,71,2,2,6,1,0,0,0,1
78943,0,167,2,1,2,0,0,0,1,0
78944,1,227,8,2,10,1,0,1,0,0
78945,1,208,14,1,14,0,0,0,1,0
78946,0,284,12,1,12,0,1,0,0,0
78947,1,346,14,5,40,1,0,2,0,0
78948,1,233,10,9,52,2,1,3,1,1
78949,1,205,14,1,14,1,0,0,0,0
78950,1,312,12,8,48,1,1,1,2,0
78951,1,223,18,1,18,0,0,0,1,0
78952,1,134,10,3,24,2,1,0,0,0
78953,1,175,12,3,22,0,1,2,0,0
78954,1,286,6,10,42,1,2,3,1,1
78955,1,170,18,1,18,1,0,0,0,0
78956,0,234,22,1,22,0,1,0,0,0
78957,1,267,26,3,36,1,0,1,1,0
78958,1,161,6,1,6,0,0,0,0,1
78959,1,187,14,1,14,1,0,0,0,0
78960,1,303,14,9,60,4,1,1,2,0
78961,1,293,12,8,30,0,1,5,0,0
78962,1,92,18,2,20,0,1,0,0,1
78963,0,428,4,10,28,1,3,2,2,2
78964,0,370,8,7,50,0,2,1,3,1
78965,0,148,14,3,28,1,0,2,0,0
78966,0,161,34,2,38,1,0,0,0,0
78967,1,187,4,1,4,0,0,0,1,0
78968,0,143,4,2,10,0,0,1,0,1
78969,1,324,30,6,56,1,0,4,0,0
78970,1,285,14,2,18,0,0,0,1,0
78971,0,227,16,11,52,1,1,5,1,2
78972,0,212,6,6,32,2,1,2,0,0
78973,1,256,8,1,8,0,0,0,0,1
78974,1,57,16,2,22,0,0,2,0,0
78975,0,158,34,1,34,0,0,0,0,0
78976,1,124,12,5,22,3,0,1,0,1
78977,1,142,14,2,18,0,0,1,0,0
78978,1,312,30,2,38,1,0,1,0,0
78979,0,231,20,1,20,0,1,0,0,0
78980,0,105,16,1,16,0,0,0,0,0
78981,1,216,14,1,14,0,1,0,0,0
78982,1,31,14,1,14,1,0,0,0,0
78983,1,92,30,1,30,0,0,0,0,1
78984,1,35,4,2,6,0,0,1,0,1
78985,0,142,2,2,8,0,0,1,0,0
78986,1,67,34,2,42,1,0,1,0,0
78987,1,397,22,9,56,1,1,2,3,0
78988,1,78,26,3,38,0,0,0,2,0
78989,1,215,14,2,18,0,0,1,0,0
78990,0,234,2,1,2,0,0,0,0,0
78991,1,42,12,1,12,0,0,0,1,0
78992,1,278,34,3,44,0,0,1,0,0
78993,0,31,10,1,10,0,0,0,0,0
78994,1,312,2,6,16,1,1,2,1,1
78995,1,61,16,2,22,0,0,0,0,0
78996,0,270,16,1,16,0,1,0,0,0
78997,0,163,2,1,2,1,0,0,0,0
78998,1,45,30,2,34,0,0,2,0,0
78999,0,166,34,1,34,0,0,1,0,0
79000,0,277,14,1,14,0,0,0,1,0
79001,0,388,28,6,60,3,0,1,2,0
79002,0,258,10,2,16,2,0,0,0,0
79003,1,70,12,1,12,0,0,1,0,0
79004,1,81,2,5,16,1,0,2,0,1
79005,1,165,30,1,30,0,0,0,0,0
79006,0,253,16,2,20,0,0,2,0,0
79007,1,153,6,4,26,3,0,0,0,0
79008,1,115,2,1,2,0,0,1,0,0
79009,1,183,8,6,42,1,0,4,0,1
79010,1,246,2,2,10,1,0,0,0,1
79011,1,29,12,1,12,0,0,1,0,0
79012,1,219,2,1,2,1,0,0,0,0
79013,1,246,12,10,70,2,2,3,2,0
79014,1,43,14,1,14,0,0,0,0,1
79015,1,270,12,5,36,2,0,1,0,0
79016,1,113,14,2,20,0,0,0,0,1
79017,1,244,14,2,18,1,1,0,0,0
79018,1,305,2,1,2,1,0,0,0,0
79019,0,45,16,2,20,0,0,0,1,0
79020,1,121,4,4,14,1,1,0,1,0
79021,1,286,4,1,4,1,0,0,0,0
79022,1,297,4,1,4,0,1,0,0,0
79023,1,87,14,4,22,0,0,1,0,0
79024,1,156,4,2,10,0,1,0,1,0
79025,1,188,10,5,28,1,1,2,1,0
79026,1,78,16,1,16,0,1,0,0,0
79027,1,182,14,2,20,2,0,0,0,0
79028,1,86,8,2,14,0,0,1,1,0
79029,1,231,16,1,16,0,0,0,1,0
79030,1,150,26,2,28,1,0,1,0,0
79031,1,47,6,2,8,1,0,0,1,0
79032,1,122,20,2,22,1,1,0,0,0
79033,0,142,14,1,14,1,0,0,0,0
79034,0,170,4,1,4,0,1,0,0,0
79035,1,314,4,1,4,0,0,0,0,0
79036,1,234,10,3,18,0,0,0,2,1
79037,0,114,14,4,36,1,1,1,0,0
79038,1,244,28,1,28,0,0,0,0,0
79039,1,204,6,7,24,4,0,2,0,1
79040,1,16,2,1,2,0,0,1,0,0
79041,1,363,8,6,34,1,0,1,1,1
79042,1,85,28,2,34,0,0,1,0,0
79043,1,318,6,5,28,0,0,2,1,1
79044,1,269,10,2,14,1,0,0,0,0
79045,1,150,12,5,34,0,0,3,0,2
79046,1,214,12,1,12,0,0,0,0,0
79047,1,152,8,2,12,0,0,1,0,1
79048,0,242,22,8,44,4,1,1,1,1
79049,0,158,16,1,16,0,0,0,1,0
79050,0,308,26,2,34,1,0,0,0,1
79051,1,302,14,1,14,1,0,0,0,0
79052,1,273,4,2,10,1,0,1,0,0
79053,0,136,2,2,8,1,0,1,0,0
79054,1,217,10,2,16,0,0,2,0,0
79055,1,267,6,1,6,0,0,0,0,1
79056,1,75,16,1,16,1,0,0,0,0
79057,1,215,14,1,14,0,0,0,1,0
79058,1,230,14,1,14,0,0,1,0,0
79059,1,184,8,4,20,0,0,1,1,0
79060,1,208,16,1,16,1,0,0,0,0
79061,1,222,22,1,22,0,0,0,0,0
79062,1,263,10,9,28,1,1,4,1,1
79063,1,233,8,2,10,0,0,1,0,0
79064,1,227,34,2,42,0,1,1,0,0
79065,1,74,2,1,2,1,0,0,0,0
79066,1,287,6,1,6,0,0,1,0,0
79067,0,207,14,1,14,1,0,0,0,0
79068,1,325,16,2,20,0,0,1,0,0
79069,1,86,8,2,10,0,0,2,0,0
79070,1,308,16,2,18,1,1,0,0,0
79071,0,89,16,2,18,1,0,1,0,0
79072,1,155,16,2,24,0,1,0,0,0
79073,0,155,28,1,28,0,0,0,1,0
79074,1,64,6,1,6,1,0,0,0,0
79075,0,188,16,4,38,0,0,2,1,0
79076,0,153,6,2,14,1,0,1,0,0
79077,1,312,12,4,30,1,0,1,0,0
79078,1,144,10,1,10,1,0,0,0,0
79079,1,114,8,4,22,1,1,1,0,0
79080,1,218,10,2,14,0,0,1,0,0
79081,1,114,6,1,6,0,1,0,0,0
79082,1,251,4,2,10,0,1,0,0,0
79083,1,313,8,2,16,0,0,2,0,0
79084,1,244,12,2,18,1,0,0,0,1
79085,1,101,12,1,12,1,0,0,0,0
79086,1,262,10,2,12,1,0,0,0,1
79087,1,70,4,2,6,1,0,1,0,0
79088,1,253,8,1,8,0,0,1,0,0
79089,0,175,16,1,16,0,0,0,1,0
79090,1,147,22,1,22,1,0,0,0,0
79091,1,101,16,1,16,0,0,0,0,1
79092,1,240,4,2,10,0,0,1,0,0
79093,0,187,28,2,32,1,0,1,0,0
79094,1,227,36,1,36,0,0,1,0,0
79095,0,181,18,1,18,0,0,0,0,0
79096,1,143,16,3,24,0,1,1,1,0
79097,1,61,4,1,4,1,0,0,0,0
79098,0,248,30,1,30,0,0,0,1,0
79099,1,90,2,2,10,1,0,0,0,0
79100,1,240,10,2,18,0,1,0,0,0
79101,0,243,6,5,22,0,2,2,0,0
79102,1,283,4,7,28,2,0,2,2,1
79103,1,267,4,1,4,0,0,0,0,1
79104,1,190,22,1,22,0,0,0,0,0
79105,1,177,16,1,16,0,0,0,1,0
79106,0,243,6,2,14,0,0,0,2,0
79107,0,234,28,1,28,0,0,1,0,0
79108,1,45,4,2,12,1,1,0,0,0
79109,0,118,10,2,16,1,0,1,0,0
79110,1,189,10,2,18,0,0,1,0,1
79111,1,277,16,2,18,0,1,0,0,0
79112,1,175,8,2,10,0,0,1,0,1
79113,1,80,22,1,22,0,0,0,0,1
79114,1,274,14,7,30,2,3,1,1,0
79115,0,127,26,1,26,0,0,1,0,0
79116,1,230,24,2,32,0,0,1,0,0
79117,0,328,10,2,16,0,1,0,0,1
79118,1,165,16,1,16,0,0,1,0,0
79119,1,295,6,2,10,1,0,1,0,0
79120,1,183,14,1,14,1,0,0,0,0
79121,1,383,16,7,38,3,0,1,0,1
79122,1,242,20,1,20,0,0,0,1,0
79123,1,96,24,3,32,0,0,0,1,1
79124,1,306,4,2,8,0,0,0,1,0
79125,1,36,16,1,16,1,0,0,0,0
79126,1,267,6,2,12,0,0,2,0,0
79127,1,212,30,1,30,0,0,0,0,1
79128,1,229,14,1,14,1,0,0,0,0
79129,1,300,24,1,24,0,1,0,0,0
79130,1,232,6,1,6,0,0,0,0,1
79131,0,210,14,2,16,1,0,0,0,1
79132,0,134,10,2,16,0,0,1,1,0
79133,1,305,16,7,52,3,1,1,1,0
79134,1,325,24,7,38,3,0,1,1,2
79135,1,205,16,1,16,0,0,1,0,0
79136,1,135,32,2,36,0,0,0,0,1
79137,1,297,6,1,6,0,0,1,0,0
79138,0,125,4,7,20,2,0,3,2,0
79139,1,230,4,1,4,1,0,0,0,0
79140,0,197,10,2,14,1,0,0,0,0
79141,1,189,22,2,28,1,1,0,0,0
79142,0,45,12,2,16,0,0,1,1,0
79143,1,328,6,2,12,1,0,0,1,0
79144,0,36,12,1,12,1,0,0,0,0
79145,1,91,22,1,22,0,0,0,1,0
79146,0,237,26,7,40,1,0,1,4,1
79147,1,117,16,2,20,0,1,0,0,0
79148,1,230,16,1,16,1,0,0,0,0
79149,1,252,30,2,36,1,0,0,0,1
79150,0,144,32,2,38,0,0,0,1,1
79151,0,87,12,2,18,0,0,1,0,0
79152,0,104,16,1,16,0,0,1,0,0
79153,1,264,12,1,12,1,0,0,0,0
79154,0,123,6,1,6,0,0,0,1,0
79155,1,164,36,1,36,0,0,0,0,0
79156,1,83,2,2,6,0,0,1,0,0
79157,0,309,18,2,20,1,0,0,1,0
79158,1,353,14,5,36,1,1,2,0,0
79159,0,69,8,4,18,1,1,1,1,0
79160,0,239,10,2,16,0,0,0,1,0
79161,1,151,4,1,4,0,0,0,0,0
79162,0,217,6,6,28,1,1,3,1,0
79163,0,173,10,1,10,0,0,1,0,0
79164,1,146,12,4,30,1,1,1,0,1
79165,1,382,28,7,68,2,1,1,0,1
79166,0,137,18,6,32,1,0,2,0,0
79167,0,80,16,2,18,1,0,0,1,0
79168,1,16,24,1,24,0,0,1,0,0
79169,1,202,30,1,30,0,0,0,0,1
79170,1,88,28,1,28,0,0,0,0,1
79171,1,143,14,2,16,0,1,1,0,0
79172,0,220,24,1,24,0,0,1,0,0
79173,0,52,8,3,22,1,0,1,1,0
79174,1,49,16,2,24,1,0,1,0,0
79175,1,53,10,2,14,1,0,1,0,0
79176,1,163,26,5,44,2,0,0,2,0
79177,1,318,14,2,20,0,1,1,0,0
79178,1,146,6,6,32,1,0,2,0,0
79179,0,277,22,1,22,0,1,0,0,0
79180,1,130,14,1,14,0,0,0,1,0
79181,1,132,4,1,4,1,0,0,0,0
79182,1,214,14,5,30,3,1,1,0,0
79183,0,121,4,8,36,0,2,2,3,1
79184,1,228,8,1,8,0,0,1,0,0
79185,0,220,18,4,42,0,0,0,1,2
79186,0,150,12,2,18,1,0,1,0,0
79187,0,276,14,11,40,1,2,3,2,1
79188,0,82,6,1,6,0,0,0,0,1
79189,1,114,20,2,28,0,0,0,1,0
79190,1,382,14,11,40,1,0,5,3,0
79191,1,110,16,1,16,0,0,0,0,0
79192,1,136,2,1,2,1,0,0,0,0
79193,0,379,10,7,32,3,1,2,0,0
79194,0,172,24,1,24,0,0,0,0,0
79195,0,202,4,2,8,0,0,1,0,0
79196,1,169,16,2,22,1,1,0,0,0
79197,1,302,16,2,24,0,0,0,0,1
79198,0,142,16,6,50,2,2,0,0,1
79199,0,248,8,9,62,2,0,2,3,2
79200,1,52,10,1,10,1,0,0,0,0
79201,0,304,10,1,10,0,0,1,0,0
79202,0,102,16,4,30,1,2,0,1,0
79203,1,213,2,1,2,0,0,0,0,0
79204,1,359,16,5,40,1,1,2,0,1
79205,0,239,36,2,40,0,0,2,0,0
79206,0,143,14,6,32,1,0,1,1,1
79207,1,243,20,1,20,1,0,0,0,0
79208,0,150,4,4,14,0,1,2,0,0
79209,1,268,12,2,18,0,0,0,1,0
79210,1,286,14,10,66,2,2,3,1,0
79211,0,241,6,11,44,3,2,4,2,0
79212,0,261,16,3,34,0,0,2,1,0
79213,1,321,8,2,10,1,0,1,0,0
79214,1,192,2,2,6,0,1,1,0,0
79215,0,133,14,2,20,0,0,1,0,0
79216,1,238,10,2,14,1,0,1,0,0
79217,0,271,16,1,16,0,0,1,0,0
79218,0,161,10,1,10,0,0,1,0,0
79219,0,220,6,5,30,2,1,1,0,1
79220,1,188,14,1,14,0,0,0,0,0
79221,1,119,12,1,12,1,0,0,0,0
79222,1,22,16,1,16,0,0,0,0,0
79223,0,157,14,1,14,0,0,0,1,0
79224,1,190,16,1,16,0,0,0,0,0
79225,0,181,10,1,10,1,0,0,0,0
79226,1,239,12,6,36,2,0,0,2,1
79227,1,281,24,1,24,1,0,0,0,0
79228,1,306,22,5,50,0,1,0,0,1
79229,1,310,14,2,22,0,0,1,1,0
79230,1,283,14,1,14,0,1,0,0,0
79231,1,324,12,6,44,1,0,2,1,2
79232,1,288,10,2,12,0,1,0,0,1
79233,1,81,2,1,2,0,0,1,0,0
79234,1,147,2,1,2,0,0,0,0,0
79235,0,147,8,2,10,2,0,0,0,0
79236,1,405,16,11,76,3,1,4,1,1
79237,1,215,4,7,38,1,1,0,4,0
79238,0,176,8,3,14,1,0,0,1,0
79239,1,130,12,1,12,1,0,0,0,0
79240,1,142,12,2,14,0,0,1,0,0
79241,0,124,4,2,8,0,0,1,0,1
79242,0,371,16,12,76,4,1,3,1,1
79243,0,94,10,2,12,1,1,0,0,0
79244,0,343,16,8,38,1,2,2,1,1
79245,0,253,12,6,28,0,1,1,3,1
79246,0,150,24,2,28,0,1,1,0,0
79247,1,275,10,6,22,1,1,3,0,0
79248,1,37,4,1,4,0,1,0,0,0
79249,1,119,12,2,18,1,1,0,0,0
79250,1,145,10,6,36,1,0,0,1,2
79251,1,113,10,2,18,0,0,1,1,0
79252,1,50,12,3,22,1,0,1,0,1
79253,1,212,22,1,22,1,0,0,0,0
79254,1,118,4,2,10,0,1,1,0,0
79255,1,65,32,3,44,0,1,2,0,0
79256,1,169,14,10,44,4,1,4,0,0
79257,1,93,10,1,10,0,0,1,0,0
79258,1,209,2,1,2,1,0,0,0,0
79259,1,264,6,2,14,0,1,0,0,0
79260,1,318,28,9,68,2,0,3,1,1
79261,0,62,14,1,14,0,0,0,1,0
79262,1,86,2,2,6,1,0,0,1,0
79263,0,30,8,2,16,0,1,1,0,0
79264,1,46,26,2,32,0,1,0,0,0
79265,1,339,34,6,64,1,2,2,0,0
79266,1,258,6,7,24,3,0,0,0,1
79267,1,149,4,2,12,1,0,1,0,0
79268,1,212,10,3,20,0,1,1,0,0
79269,1,277,22,1,22,1,0,0,0,0
79270,1,104,26,1,26,1,0,0,0,0
79271,1,141,26,2,30,0,0,1,0,1
79272,0,73,12,2,20,2,0,0,0,0
79273,1,64,10,1,10,1,0,0,0,0
79274,0,109,14,2,20,0,0,1,0,0
79275,1,55,14,2,20,0,0,0,1,0
79276,1,97,18,1,18,0,1,0,0,0
79277,0,254,10,2,16,0,0,1,1,0
79278,1,310,6,2,10,1,1,0,0,0
79279,0,157,6,2,12,1,0,1,0,0
79280,1,175,30,2,38,0,0,0,0,0
79281,1,114,10,1,10,0,0,0,0,0
79282,0,68,16,1,16,1,0,0,0,0
79283,1,338,8,4,22,0,2,0,0,1
79284,1,99,8,1,8,0,0,1,0,0
79285,1,281,10,8,30,1,1,2,3,0
79286,1,61,16,2,20,1,0,0,0,1
79287,1,23,30,1,30,1,0,0,0,0
79288,0,102,20,1,20,0,0,0,0,0
79289,1,152,10,5,36,3,0,1,1,0
79290,1,155,8,2,10,1,0,0,0,0
79291,0,42,6,1,6,1,0,0,0,0
79292,1,237,14,5,34,2,0,0,0,1
79293,1,54,30,2,32,0,0,1,0,1
79294,1,112,2,1,2,0,0,0,1,0
79295,1,299,14,2,18,1,0,0,0,0
79296,1,147,12,2,20,0,0,0,1,0
79297,0,125,8,1,8,0,0,1,0,0
79298,1,139,2,1,2,0,1,0,0,0
79299,1,184,26,1,26,1,0,0,0,0
79300,1,118,6,1,6,0,1,0,0,0
79301,1,194,10,1,10,0,0,0,0,1
79302,1,233,12,2,18,1,0,1,0,0
79303,1,188,12,2,14,0,0,1,0,1
79304,1,211,14,2,16,0,0,0,1,0
79305,1,104,16,1,16,0,0,1,0,0
79306,1,88,10,5,26,1,0,2,0,0
79307,1,197,20,1,20,1,0,0,0,0
79308,0,118,16,2,22,0,0,1,0,1
79309,0,310,16,1,16,0,1,0,0,0
79310,1,185,18,2,26,1,0,0,0,1
79311,1,105,14,1,14,0,0,0,0,1
79312,1,274,20,1,20,0,0,1,0,0
79313,0,95,30,2,38,1,0,0,1,0
79314,1,221,2,1,2,0,0,1,0,0
79315,0,179,8,2,10,0,0,2,0,0
79316,1,291,16,2,24,1,0,0,1,0
79317,1,174,26,5,40,0,0,2,0,1
79318,1,22,8,1,8,0,0,1,0,0
79319,1,320,10,2,16,0,1,1,0,0
79320,1,299,4,8,38,2,1,2,2,0
79321,1,224,32,1,32,0,1,0,0,0
79322,1,237,14,2,22,1,0,1,0,0
79323,1,134,12,2,14,1,0,0,0,1
79324,1,299,6,2,8,0,0,2,0,0
79325,1,124,16,2,24,0,0,0,1,0
79326,1,233,12,3,24,1,0,0,1,0
79327,1,204,4,2,10,0,0,1,0,0
79328,1,56,18,2,26,0,0,1,0,0
79329,1,184,8,1,8,0,1,0,0,0
79330,1,306,16,2,24,0,1,1,0,0
79331,1,254,16,2,20,0,0,1,1,0
79332,1,253,10,2,16,1,0,0,1,0
79333,1,235,16,2,24,1,0,0,1,0
79334,1,125,22,3,30,2,0,0,0,0
79335,1,202,24,1,24,0,0,0,1,0
79336,1,211,16,2,20,0,1,0,0,1
79337,1,88,22,1,22,1,0,0,0,0
79338,1,110,8,2,12,2,0,0,0,0
79339,0,200,6,2,10,0,0,0,2,0
79340,1,264,8,10,54,2,1,2,2,3
79341,1,324,4,2,6,0,0,2,0,0
79342,0,52,24,2,28,1,0,1,0,0
79343,1,107,4,2,10,1,0,1,0,0
79344,1,304,10,9,50,4,0,4,0,1
79345,0,72,28,1,28,0,0,0,1,0
79346,1,308,12,2,14,0,0,0,0,1
79347,0,299,14,1,14,0,0,1,0,0
79348,0,281,12,1,12,0,0,0,0,1
79349,1,165,10,2,14,0,0,0,1,0
79350,1,264,12,10,42,3,2,3,1,0
79351,1,368,10,11,58,5,0,1,1,2
79352,0,316,6,2,8,2,0,0,0,0
79353,1,146,12,2,14,0,2,0,0,0
79354,1,293,16,2,22,1,0,0,0,0
79355,1,69,14,1,14,0,0,1,0,0
79356,0,80,8,1,8,0,1,0,0,0
79357,0,402,16,7,40,2,0,3,0,1
79358,1,304,10,9,36,1,0,4,1,1
79359,1,272,16,1,16,0,0,0,1,0
79360,0,310,12,2,14,0,1,0,0,1
79361,1,52,12,2,16,0,0,1,0,0
79362,1,232,4,12,54,2,2,2,4,0
79363,1,328,10,5,36,1,0,1,1,2
79364,0,222,4,1,4,1,0,0,0,0
79365,1,277,10,1,10,0,1,0,0,0
79366,0,137,4,2,6,1,0,1,0,0
79367,1,208,12,2,16,0,1,0,0,0
79368,1,177,14,1,14,1,0,0,0,0
79369,1,238,10,10,48,2,0,2,4,1
79370,0,115,14,2,18,1,0,0,0,0
79371,0,162,14,3,28,0,0,1,1,1
79372,0,209,10,4,22,0,1,2,1,0
79373,1,225,6,1,6,0,1,0,0,0
79374,1,146,4,1,4,0,0,1,0,0
79375,1,123,16,1,16,0,0,0,0,0
79376,0,351,14,9,38,3,0,3,2,1
79377,1,142,18,1,18,0,0,0,0,0
79378,1,52,8,2,12,1,0,0,1,0
79379,0,221,16,3,24,2,0,1,0,0
79380,1,75,10,2,16,0,0,0,0,1
79381,1,241,2,3,18,2,0,0,0,0
79382,0,249,16,1,16,1,0,0,0,0
79383,1,287,24,2,26,0,0,2,0,0
79384,1,297,10,3,24,2,0,0,0,1
79385,0,145,14,2,18,0,0,1,0,1
79386,0,154,16,2,20,1,0,1,0,0
79387,0,202,8,7,28,3,1,1,1,1
79388,1,237,16,9,46,2,2,2,1,2
79389,1,392,20,8,66,3,1,2,0,1
79390,0,243,18,4,34,0,0,1,1,2
79391,0,266,4,6,16,3,0,1,1,0
79392,1,328,18,9,64,0,2,3,2,0
79393,0,224,12,2,14,0,1,0,0,1
79394,1,50,8,2,16,0,0,1,0,0
79395,1,257,4,5,22,2,0,0,1,1
79396,1,223,4,2,8,0,0,2,0,0
79397,0,321,16,8,48,4,0,1,1,1
79398,1,132,12,1,12,1,0,0,0,0
79399,0,31,4,2,8,0,0,0,1,1
79400,1,201,4,1,4,1,0,0,0,0
79401,1,311,2,8,44,3,1,1,0,0
79402,1,334,8,10,60,2,1,5,0,1
79403,1,150,8,2,10,1,0,0,0,0
79404,1,200,26,1,26,0,0,0,0,0
79405,1,133,34,2,38,0,0,1,0,0
79406,1,142,4,1,4,0,0,0,0,1
79407,0,328,16,2,22,1,0,1,0,0
79408,1,372,18,12,66,2,1,2,3,1
79409,1,179,28,11,56,2,1,5,0,0
79410,0,204,26,2,28,1,0,0,0,0
79411,0,276,8,1,8,0,0,0,0,1
79412,0,232,12,10,60,5,2,2,1,0
79413,0,211,28,8,68,1,2,1,4,0
79414,1,221,2,6,30,3,1,1,0,1
79415,1,303,34,2,40,0,0,0,0,1
79416,0,278,10,1,10,0,0,0,1,0
79417,1,209,12,2,16,2,0,0,0,0
79418,1,171,16,1,16,0,1,0,0,0
79419,1,114,16,2,18,1,0,1,0,0
79420,1,168,34,1,34,0,0,0,0,1
79421,1,290,18,3,24,0,1,0,0,0
79422,1,93,14,4,26,0,0,1,1,2
79423,0,98,2,2,4,0,0,0,0,1
79424,1,91,2,1,2,0,0,0,1,0
79425,1,166,24,1,24,1,0,0,0,0
79426,1,192,34,2,38,2,0,0,0,0
79427,1,269,12,12,76,3,1,2,1,2
79428,1,137,14,1,14,0,0,0,1,0
79429,1,107,14,1,14,0,1,0,0,0
79430,1,70,16,1,16,0,0,1,0,0
79431,1,157,36,2,38,0,0,0,1,1
79432,1,301,6,2,10,0,0,1,0,0
79433,1,132,12,1,12,0,1,0,0,0
79434,1,258,10,2,14,0,0,2,0,0
79435,1,254,10,9,54,2,1,3,0,2
79436,1,306,14,1,14,0,0,1,0,0
79437,1,115,10,2,16,2,0,0,0,0
79438,1,252,12,2,18,0,0,0,1,1
79439,1,101,16,2,22,0,0,0,1,0
79440,1,107,24,1,24,0,0,0,0,0
79441,1,153,4,1,4,0,0,0,1,0
79442,1,90,16,2,22,1,0,0,0,0
79443,1,264,10,3,16,1,0,1,0,1
79444,1,304,4,1,4,0,0,0,0,0
79445,1,71,8,2,10,0,0,2,0,0
79446,0,191,14,2,16,1,1,0,0,0
79447,0,310,20,1,20,1,0,0,0,0
79448,1,86,16,1,16,0,0,0,0,1
79449,0,107,16,3,26,1,0,1,0,1
79450,1,287,24,2,32,0,0,2,0,0
79451,0,106,36,2,40,0,0,1,1,0
79452,1,374,20,5,44,2,0,1,1,0
79453,1,73,16,2,20,0,0,2,0,0
79454,1,18,10,1,10,0,0,0,0,1
79455,1,235,4,3,10,0,0,1,1,1
79456,0,267,10,1,10,1,0,0,0,0
79457,0,301,16,4,38,1,1,2,0,0
79458,0,365,10,8,30,1,1,4,1,1
79459,1,44,16,1,16,0,0,0,0,0
79460,1,41,16,2,20,1,0,0,0,1
79461,0,71,12,3,28,0,0,2,0,0
79462,1,46,6,2,14,1,0,1,0,0
79463,1,218,26,10,54,2,1,2,2,1
79464,1,266,4,1,4,1,0,0,0,0
79465,1,323,6,7,32,2,0,2,1,0
79466,1,46,32,1,32,0,0,1,0,0
79467,0,214,26,2,28,1,0,0,0,0
79468,1,242,4,1,4,0,0,1,0,0
79469,0,280,10,2,18,1,0,0,1,0
79470,1,365,10,10,64,3,3,1,2,0
79471,0,214,14,2,20,0,0,0,0,0
79472,0,182,2,1,2,0,0,1,0,0
79473,1,126,8,3,18,0,0,2,0,0
79474,0,168,6,5,24,2,0,2,1,0
79475,1,76,16,1,16,0,0,0,0,1
79476,1,150,30,1,30,0,0,1,0,0
79477,0,186,14,1,14,0,0,1,0,0
79478,1,152,4,1,4,0,0,0,0,1
79479,1,326,16,2,24,0,0,1,1,0
79480,0,127,16,2,22,1,0,1,0,0
79481,0,172,16,1,16,1,0,0,0,0
79482,1,84,6,2,12,1,0,0,1,0
79483,1,447,20,11,84,3,0,3,2,2
79484,1,257,16,8,46,2,0,2,2,2
79485,0,93,10,1,10,1,0,0,0,0
79486,1,208,22,2,26,0,0,1,0,1
79487,1,344,10,4,32,1,0,2,1,0
79488,1,123,36,2,40,0,1,0,0,0
79489,1,124,12,2,14,0,0,0,1,1
79490,1,225,28,1,28,0,1,0,0,0
79491,1,63,30,2,34,1,1,0,0,0
79492,1,17,14,1,14,0,0,0,1,0
79493,0,24,12,1,12,0,0,1,0,0
79494,1,70,12,4,22,1,0,1,1,1
79495,1,173,36,2,44,1,0,0,1,0
79496,1,136,14,7,30,1,0,0,4,1
79497,1,136,10,2,16,1,0,1,0,0
79498,1,87,16,1,16,0,0,1,0,0
79499,1,388,8,11,32,3,1,3,3,1
79500,1,360,12,12,62,1,3,4,2,1
79501,0,181,16,2,18,0,1,0,0,1
79502,0,121,6,2,8,0,0,0,0,1
79503,1,154,10,1,10,0,0,0,0,0
79504,0,299,4,1,4,1,0,0,0,0
79505,1,35,6,1,6,1,0,0,0,0
79506,0,230,26,2,34,1,0,1,0,0
79507,0,203,2,1,2,0,0,1,0,0
79508,1,334,4,12,74,1,1,4,2,3
79509,0,221,6,2,10,0,0,1,0,1
79510,1,285,6,3,16,1,0,0,0,0
79511,1,264,16,1,16,1,0,0,0,0
79512,1,56,16,2,18,0,0,1,0,0
79513,1,153,4,1,4,0,1,0,0,0
79514,1,194,12,1,12,0,0,1,0,0
79515,1,322,16,2,18,0,0,1,0,1
79516,0,138,2,1,2,1,0,0,0,0
79517,1,186,2,1,2,1,0,0,0,0
79518,1,239,8,2,16,0,0,0,1,0
79519,1,135,6,9,34,0,1,6,1,1
79520,1,162,26,1,26,1,0,0,0,0
79521,1,225,14,2,20,0,0,1,0,0
79522,1,119,32,2,36,1,0,1,0,0
79523,0,420,16,11,52,0,0,6,3,1
79524,0,137,8,5,30,2,1,0,1,0
79525,1,166,4,1,4,1,0,0,0,0
79526,1,142,14,2,22,0,0,0,1,1
79527,0,173,4,2,10,0,1,1,0,0
79528,0,144,16,1,16,0,0,0,0,0
79529,0,230,14,1,14,1,0,0,0,0
79530,1,284,16,2,18,1,1,0,0,0
79531,1,220,30,4,50,1,1,1,1,0
79532,1,221,10,7,36,0,0,0,1,3
79533,1,299,14,1,14,0,0,1,0,0
79534,1,328,8,6,34,1,1,1,0,1
79535,0,223,14,3,22,0,0,1,1,0
79536,1,195,10,2,14,1,0,1,0,0
79537,0,143,16,1,16,1,0,0,0,0
79538,1,265,2,1,2,1,0,0,0,0
79539,0,176,12,1,12,0,0,0,1,0
79540,1,204,14,1,14,0,0,1,0,0
79541,1,249,4,2,6,1,0,1,0,0
79542,1,295,16,4,38,1,0,2,0,0
79543,0,168,6,1,6,0,1,0,0,0
79544,1,17,14,1,14,1,0,0,0,0
79545,1,225,16,2,24,1,0,0,1,0
79546,1,37,34,2,40,0,0,0,2,0
79547,1,215,12,1,12,0,0,0,1,0
79548,0,338,2,7,18,0,0,2,3,1
79549,1,314,4,2,8,0,1,1,0,0
79550,1,158,2,2,6,1,0,0,0,0
79551,0,379,10,6,46,0,0,3,1,1
79552,1,297,16,2,24,1,0,0,0,1
79553,1,71,12,2,14,2,0,0,0,0
79554,1,292,6,1,6,0,0,1,0,0
79555,1,187,10,2,14,1,1,0,0,0
79556,1,282,16,2,22,1,0,0,0,0
79557,1,86,32,2,38,1,0,0,1,0
79558,0,188,16,2,18,0,0,1,1,0
79559,1,204,8,1,8,0,0,0,0,1
79560,0,347,36,6,54,1,0,4,0,0
79561,1,121,20,1,20,0,0,0,1,0
79562,1,98,8,3,14,1,0,1,1,0
79563,1,31,10,2,14,1,0,1,0,0
79564,1,301,10,2,18,1,0,1,0,0
79565,1,63,4,2,10,0,0,1,1,0
79566,1,282,28,1,28,0,0,1,0,0
79567,0,223,34,2,36,1,0,0,0,0
79568,1,129,2,2,4,0,1,0,1,0
79569,1,263,6,8,50,3,3,1,1,0
79570,1,197,30,1,30,0,1,0,0,0
79571,1,168,30,1,30,0,0,0,0,0
79572,1,182,16,2,18,1,1,0,0,0
79573,1,89,4,1,4,0,0,1,0,0
79574,1,173,10,8,26,2,0,4,1,0
79575,1,19,12,1,12,0,0,1,0,0
79576,0,139,12,2,18,0,0,1,0,0
79577,1,182,10,1,10,0,0,0,0,0
79578,1,302,18,4,28,1,1,2,0,0
79579,1,382,6,12,56,3,0,4,1,2
79580,1,268,4,1,4,0,1,0,0,0
79581,1,337,30,7,52,0,2,2,1,1
79582,1,46,10,2,14,0,0,1,0,0
79583,1,323,12,5,36,2,1,0,0,0
79584,1,211,4,1,4,0,0,1,0,0
79585,0,162,12,9,64,2,1,2,2,1
79586,1,241,14,1,14,0,0,0,1,0
79587,1,199,10,1,10,0,0,1,0,0
79588,0,60,8,1,8,0,1,0,0,0
79589,1,209,34,2,38,0,0,1,1,0
79590,1,147,12,2,20,0,0,1,0,0
79591,1,243,16,4,38,3,0,1,0,0
79592,0,176,10,1,10,0,1,0,0,0
79593,1,168,16,2,18,0,1,1,0,0
79594,1,78,12,1,12,0,0,0,1,0
79595,0,161,2,8,18,3,1,2,1,1
79596,1,29,10,1,10,0,0,0,1,0
79597,1,219,14,2,20,0,0,1,0,0
79598,0,223,16,1,16,0,0,1,0,0
79599,0,161,14,1,14,0,1,0,0,0
79600,0,293,8,1,8,0,0,1,0,0
79601,1,155,24,1,24,0,0,0,0,1
79602,1,268,30,1,30,0,0,0,0,1
79603,1,200,12,12,36,5,1,1,1,3
79604,0,244,20,1,20,0,0,1,0,0
79605,1,65,14,2,20,1,0,1,0,0
79606,1,202,10,7,36,0,1,4,0,1
79607,1,82,32,2,40,1,0,0,0,1
79608,1,289,12,1,12,0,0,1,0,0
79609,1,243,6,2,14,1,0,1,0,0
79610,0,238,34,2,40,0,0,0,0,2
79611,1,214,12,1,12,0,0,0,1,0
79612,0,73,4,2,12,1,0,0,0,1
79613,1,51,10,2,18,1,0,1,0,0
79614,1,291,4,1,4,0,0,0,0,0
79615,1,322,6,2,10,1,0,0,0,0
79616,1,50,14,2,22,0,0,1,0,1
79617,0,52,10,2,18,0,0,1,0,1
79618,1,274,4,1,4,0,0,0,0,0
79619,1,50,4,1,4,0,0,0,1,0
79620,1,76,12,2,18,0,1,1,0,0
79621,1,78,4,1,4,0,0,1,0,0
79622,1,227,2,2,8,1,1,0,0,0
79623,1,66,14,1,14,1,0,0,0,0
79624,1,182,20,2,24,0,0,1,1,0
79625,0,306,16,10,62,1,3,4,1,0
79626,1,246,36,2,40,0,0,1,1,0
79627,0,329,14,2,20,0,1,0,1,0
79628,1,76,10,1,10,0,0,0,0,0
79629,1,191,6,1,6,0,0,0,1,0
79630,1,309,12,1,12,0,0,0,0,0
79631,1,91,4,6,26,2,1,1,1,1
79632,1,244,2,1,2,0,0,1,0,0
79633,1,215,12,11,50,6,1,1,0,1
79634,1,63,12,3,26,0,0,2,0,0
79635,1,306,14,6,48,1,0,2,1,0
79636,1,180,6,2,10,0,0,0,0,0
79637,1,158,10,1,10,0,0,0,0,0
79638,0,79,12,1,12,0,0,0,0,0
79639,0,198,16,7,30,4,1,0,0,1
79640,1,255,28,1,28,0,0,1,0,0
79641,0,298,16,1,16,1,0,0,0,0
79642,1,55,6,1,6,0,0,0,1,0
79643,1,161,16,9,46,3,1,4,0,0
79644,1,313,10,1,10,0,1,0,0,0
79645,0,125,10,1,10,1,0,0,0,0
79646,0,124,2,1,2,0,0,1,0,0
79647,0,244,34,1,34,0,0,0,0,1
79648,0,313,22,2,28,0,1,1,0,0
79649,1,18,18,1,18,0,1,0,0,0
79650,1,157,16,1,16,0,0,0,0,0
79651,0,350,6,11,36,2,2,3,3,1
79652,1,311,10,6,36,1,1,1,2,0
79653,1,137,8,1,8,0,0,1,0,0
79654,1,84,16,2,22,1,0,1,0,0
79655,0,150,12,5,30,1,1,1,0,1
79656,0,80,4,2,6,0,0,1,0,0
79657,0,296,22,2,28,0,0,0,1,1
79658,0,171,14,2,20,1,0,1,0,0
79659,1,53,14,1,14,0,0,1,0,0
79660,1,306,30,1,30,0,0,0,0,0
79661,1,90,24,2,26,1,1,0,0,0
79662,1,296,10,8,52,3,1,3,0,1
79663,1,62,2,1,2,0,0,0,1,0
79664,0,331,8,6,24,1,1,1,1,1
79665,1,232,32,2,34,1,0,0,0,0
79666,0,263,8,2,14,0,0,1,0,0
79667,1,306,16,4,34,2,0,1,1,0
79668,1,52,22,2,26,0,1,0,1,0
79669,1,279,12,2,14,1,0,0,1,0
79670,1,17,12,1,12,1,0,0,0,0
79671,1,266,32,2,36,0,0,1,1,0
79672,1,32,12,2,20,1,0,1,0,0
79673,0,303,10,5,26,1,2,1,1,0
79674,1,434,14,10,38,1,3,2,0,2
79675,0,175,10,7,44,0,1,4,1,0
79676,0,105,2,2,6,0,1,1,0,0
79677,1,18,14,1,14,0,0,0,1,0
79678,1,326,16,2,24,1,0,1,0,0
79679,1,225,12,6,24,2,0,2,0,2
79680,1,193,14,1,14,0,1,0,0,0
79681,1,175,28,1,28,1,0,0,0,0
79682,0,336,24,4,40,0,0,3,0,0
79683,1,308,28,12,54,5,0,3,0,3
79684,0,371,10,7,28,2,0,1,0,2
79685,1,231,16,1,16,0,0,1,0,0
79686,0,132,6,8,22,1,1,2,1,1
79687,1,275,32,7,68,4,0,3,0,0
79688,0,140,6,2,12,0,0,1,0,0
79689,1,252,12,1,12,0,0,0,0,1
79690,0,58,4,1,4,1,0,0,0,0
79691,0,374,16,7,46,2,0,2,1,1
79692,1,256,22,1,22,0,0,1,0,0
79693,0,247,2,1,2,0,0,0,1,0
79694,1,121,8,1,8,0,0,1,0,0
79695,1,88,28,2,34,0,1,0,1,0
79696,1,168,12,9,34,1,1,5,1,0
79697,1,121,10,2,18,0,1,0,1,0
79698,1,114,10,1,10,0,0,1,0,0
79699,0,208,16,2,20,1,0,1,0,0
79700,0,149,4,1,4,0,0,0,0,0
79701,1,144,10,1,10,0,0,1,0,0
79702,1,137,12,1,12,1,0,0,0,0
79703,1,146,10,1,10,0,0,1,0,0
79704,1,79,12,2,16,1,0,0,0,1
79705,0,197,10,5,32,0,1,1,1,0
79706,1,120,20,2,22,0,1,0,0,1
79707,0,209,34,1,34,0,0,0,0,1
79708,1,270,10,2,14,0,0,2,0,0
79709,1,176,4,2,8,0,0,2,0,0
79710,1,447,2,10,42,2,1,2,2,0
79711,0,248,16,4,24,1,2,0,1,0
79712,1,290,16,7,36,2,1,1,2,1
79713,1,295,6,10,28,2,3,3,0,0
79714,1,342,16,3,28,0,0,1,1,0
79715,0,185,14,1,14,0,0,0,0,1
79716,1,419,14,12,78,3,3,2,3,0
79717,1,143,6,2,10,0,0,1,0,1
79718,1,269,4,1,4,0,0,1,0,0
79719,0,120,12,1,12,0,1,0,0,0
79720,1,215,18,2,26,1,0,1,0,0
79721,1,48,12,1,12,0,0,0,1,0
79722,1,178,4,2,8,0,0,1,0,0
79723,1,188,6,1,6,0,0,1,0,0
79724,1,155,4,5,28,0,0,1,0,0
79725,1,74,4,1,4,1,0,0,0,0
79726,1,264,2,6,36,2,1,1,0,0
79727,1,158,22,1,22,1,0,0,0,0
79728,0,287,8,1,8,0,0,0,0,0
79729,0,249,22,1,22,0,0,1,0,0
79730,1,138,8,7,48,0,1,3,0,1
79731,0,225,6,7,22,3,0,2,1,0
79732,1,138,6,8,54,1,2,1,0,2
79733,1,329,2,6,32,0,2,2,0,1
79734,1,198,26,3,38,0,0,1,0,0
79735,1,289,34,2,38,0,0,0,1,1
79736,1,42,8,1,8,0,0,0,1,0
79737,1,104,12,2,16,0,1,1,0,0
79738,0,314,14,2,18,1,1,0,0,0
79739,1,29,4,1,4,1,0,0,0,0
79740,1,42,20,2,26,0,0,2,0,0
79741,1,17,8,1,8,1,0,0,0,0
79742,1,220,2,1,2,0,0,0,1,0
79743,1,305,6,8,48,3,1,2,1,0
79744,1,252,4,2,12,1,0,1,0,0
79745,1,298,10,4,28,1,1,1,0,1
79746,1,145,30,2,34,0,2,0,0,0
79747,0,58,14,2,18,0,0,1,0,0
79748,0,137,12,9,54,1,0,4,2,1
79749,1,83,24,1,24,0,0,1,0,0
79750,1,203,2,5,20,2,1,1,0,0
79751,1,108,10,4,30,1,1,0,0,1
79752,1,277,10,6,40,0,2,1,1,1
79753,1,160,4,2,12,0,0,2,0,0
79754,1,217,4,12,66,2,2,5,1,2
79755,1,115,2,1,2,0,0,1,0,0
79756,1,127,14,1,14,0,1,0,0,0
79757,0,321,10,2,18,0,0,1,0,0
79758,1,207,26,1,26,0,0,0,1,0
79759,1,210,6,2,12,0,0,1,0,1
79760,1,18,6,1,6,0,0,1,0,0
79761,0,324,14,3,30,1,0,0,0,2
79762,1,112,14,1,14,0,0,1,0,0
79763,0,251,32,2,38,2,0,0,0,0
79764,1,219,16,2,20,1,0,0,1,0
79765,1,176,10,1,10,0,0,0,0,1
79766,1,188,2,4,20,1,0,1,0,0
79767,0,190,16,1,16,1,0,0,0,0
79768,1,96,14,2,20,1,0,1,0,0
79769,1,258,8,2,12,1,1,0,0,0
79770,1,194,2,2,4,0,0,0,1,1
79771,0,148,12,2,16,1,0,0,1,0
79772,1,72,10,4,20,1,0,1,1,0
79773,1,108,4,5,18,0,1,1,1,2
79774,0,253,10,1,10,0,1,0,0,0
79775,0,203,8,2,16,0,0,0,1,0
79776,1,190,2,1,2,0,0,1,0,0
79777,1,259,28,3,34,0,1,1,0,1
79778,1,182,16,2,22,1,0,0,0,1
79779,0,79,4,1,4,0,0,1,0,0
79780,1,350,30,9,72,3,2,3,1,0
79781,1,152,30,1,30,1,0,0,0,0
79782,0,212,12,7,40,2,2,3,0,0
79783,1,260,34,1,34,1,0,0,0,0
79784,1,185,6,12,50,6,0,1,0,2
79785,1,80,4,1,4,1,0,0,0,0
79786,1,226,4,1,4,0,0,1,0,0
79787,1,285,30,1,30,0,0,1,0,0
79788,1,122,14,2,20,0,0,0,0,0
79789,1,248,6,2,10,1,0,1,0,0
79790,0,233,8,2,12,0,0,1,0,1
79791,1,67,2,1,2,0,0,0,0,1
79792,1,293,16,8,50,1,0,2,0,1
79793,0,136,16,1,16,1,0,0,0,0
79794,1,65,16,2,20,0,0,2,0,0
79795,0,347,6,6,24,1,0,2,2,0
79796,1,285,20,2,24,1,0,1,0,0
79797,1,295,12,4,26,1,2,1,0,0
79798,0,142,24,2,26,0,0,0,1,1
79799,1,25,12,1,12,0,0,1,0,0
79800,1,91,14,1,14,1,0,0,0,0
79801,1,332,14,3,32,1,0,1,1,0
79802,1,217,14,1,14,1,0,0,0,0
79803,1,53,16,2,18,0,1,1,0,0
79804,0,332,12,7,52,3,1,3,0,0
79805,1,267,16,1,16,0,0,0,0,0
79806,0,365,18,5,42,2,0,1,1,1
79807,1,122,28,1,28,0,0,0,0,0
79808,1,73,18,4,32,1,0,2,0,1
79809,0,185,6,1,6,1,0,0,0,0
79810,1,201,12,3,22,0,0,2,0,0
79811,1,300,34,2,36,1,0,0,0,0
79812,1,234,2,10,26,2,1,1,3,1
79813,0,171,14,1,14,0,0,0,1,0
79814,0,33,6,1,6,1,0,0,0,0
79815,1,226,26,2,32,1,1,0,0,0
79816,1,269,10,2,18,0,0,1,0,0
79817,1,149,4,1,4,0,0,1,0,0
79818,1,183,16,2,18,0,0,2,0,0
79819,1,270,10,2,14,1,0,1,0,0
79820,0,203,10,10,38,2,2,4,0,0
79821,1,259,2,1,2,0,0,1,0,0
79822,1,18,10,1,10,0,0,0,0,1
79823,0,290,8,1,8,0,0,0,0,0
79824,0,150,18,1,18,1,0,0,0,0
79825,1,106,8,1,8,0,0,0,1,0
79826,1,191,28,3,42,2,0,0,0,0
79827,0,421,14,9,66,2,0,1,0,1
79828,0,297,16,1,16,0,0,1,0,0
79829,1,274,6,2,12,1,0,1,0,0
79830,0,304,26,1,26,0,0,1,0,0
79831,1,135,2,1,2,0,0,1,0,0
79832,1,310,2,1,2,0,0,0,1,0
79833,1,307,6,2,14,2,0,0,0,0
79834,0,338,6,7,38,0,2,0,4,0
79835,1,101,10,6,42,2,0,1,1,1
79836,0,198,2,1,2,0,0,1,0,0
79837,1,242,22,9,62,2,1,4,0,1
79838,1,199,10,1,10,0,0,0,0,0
79839,1,129,12,2,20,1,0,1,0,0
79840,1,150,4,3,18,0,0,1,1,1
79841,1,85,24,1,24,0,0,1,0,0
79842,1,308,14,1,14,0,0,1,0,0
79843,1,35,26,2,30,1,0,1,0,0
79844,1,89,12,1,12,0,0,0,1,0
79845,1,56,24,3,32,0,1,2,0,0
79846,1,110,4,2,10,2,0,0,0,0
79847,1,200,34,2,42,0,0,1,1,0
79848,1,37,12,1,12,0,0,0,0,1
79849,1,172,2,3,12,0,0,0,2,0
79850,1,102,8,2,12,1,0,0,0,0
79851,1,107,10,1,10,1,0,0,0,0
79852,1,138,6,1,6,0,1,0,0,0
79853,0,221,8,1,8,0,0,0,0,1
79854,0,159,24,5,52,1,0,4,0,0
79855,0,36,10,2,14,0,0,1,1,0
79856,1,126,4,1,4,0,0,0,0,0
79857,1,98,10,1,10,0,0,1,0,0
79858,1,259,8,2,10,0,1,1,0,0
79859,1,271,14,2,22,0,1,0,0,1
79860,1,163,4,1,4,0,0,0,0,1
79861,1,262,14,5,40,1,1,1,0,0
79862,1,115,18,3,34,0,1,1,1,0
79863,0,93,12,3,24,0,0,0,1,1
79864,1,293,16,1,16,0,0,0,0,0
79865,1,297,14,8,32,2,3,0,2,0
79866,1,288,18,7,58,2,0,1,1,1
79867,0,135,14,1,14,1,0,0,0,0
79868,1,443,10,11,74,3,3,2,1,1
79869,1,284,14,2,22,0,0,0,1,0
79870,0,71,10,1,10,0,0,0,0,0
79871,1,132,32,2,34,0,1,0,0,0
79872,1,249,34,1,34,0,0,1,0,0
79873,0,105,4,2,6,1,0,0,1,0
79874,1,149,4,1,4,0,0,0,0,0
79875,0,109,32,2,34,1,0,1,0,0
79876,1,218,18,2,20,0,0,1,1,0
79877,1,225,4,2,12,0,0,0,1,0
79878,1,250,2,2,6,0,0,0,1,1
79879,0,142,8,2,12,0,0,1,1,0
79880,1,68,4,1,4,0,0,0,1,0
79881,1,80,10,1,10,0,0,1,0,0
79882,1,372,2,9,22,1,0,2,2,1
79883,1,252,10,10,32,4,2,3,0,0
79884,0,313,12,1,12,1,0,0,0,0
79885,1,198,8,11,62,4,1,4,0,2
79886,1,235,16,1,16,1,0,0,0,0
79887,1,158,14,6,42,1,0,2,2,0
79888,1,201,12,2,14,1,0,0,0,0
79889,1,243,14,1,14,0,0,0,0,1
79890,1,150,32,2,40,0,0,0,0,0
79891,0,174,10,2,14,0,0,1,1,0
79892,1,39,12,2,16,1,1,0,0,0
79893,1,218,2,2,10,1,0,0,0,0
79894,1,233,6,1,6,1,0,0,0,0
79895,1,433,18,11,60,5,0,4,2,0
79896,1,98,10,1,10,0,1,0,0,0
79897,1,47,10,1,10,0,0,0,0,0
79898,0,128,14,2,16,1,0,1,0,0
79899,1,168,12,7,30,2,0,1,3,0
79900,1,247,24,1,24,1,0,0,0,0
79901,1,37,14,1,14,0,0,0,1,0
79902,1,325,14,7,38,1,0,2,3,0
79903,1,114,16,2,20,1,0,1,0,0
79904,1,174,22,2,24,0,1,0,0,0
79905,0,283,10,2,16,1,0,1,0,0
79906,0,312,8,2,16,1,0,0,1,0
79907,1,191,8,7,30,3,1,1,0,2
79908,1,160,36,2,38,2,0,0,0,0
79909,1,271,8,5,26,0,0,2,1,1
79910,1,201,8,2,10,1,1,0,0,0
79911,1,206,14,1,14,0,0,0,1,0
79912,1,57,16,2,24,0,0,0,1,1
79913,0,280,8,2,16,0,0,0,1,1
79914,1,283,8,2,14,0,0,1,0,0
79915,1,147,12,5,32,0,1,2,1,0
79916,0,189,6,5,26,4,0,0,1,0
79917,0,137,16,6,40,2,0,1,1,0
79918,1,72,12,2,20,0,0,1,0,0
79919,1,258,8,2,14,0,1,1,0,0
79920,1,18,8,1,8,1,0,0,0,0
79921,1,237,16,1,16,1,0,0,0,0
79922,0,113,8,2,12,1,0,0,1,0
79923,1,72,16,1,16,0,0,0,1,0
79924,0,21,8,1,8,1,0,0,0,0
79925,0,200,14,2,20,0,0,1,0,1
79926,0,88,32,2,40,1,0,1,0,0
79927,0,332,12,7,40,2,0,2,1,0
79928,0,323,14,2,20,1,0,0,0,1
79929,0,166,16,1,16,0,0,1,0,0
79930,1,143,6,2,8,0,0,0,0,0
79931,0,102,14,2,22,1,0,0,1,0
79932,1,327,22,10,52,4,2,1,0,1
79933,1,169,16,9,36,0,0,5,2,1
79934,0,233,22,6,38,1,1,3,0,0
79935,1,173,12,1,12,0,0,1,0,0
79936,1,210,16,9,52,1,2,2,1,2
79937,1,348,16,4,38,1,0,1,2,0
79938,0,240,18,1,18,0,0,1,0,0
79939,1,219,12,2,18,0,2,0,0,0
79940,0,58,4,1,4,1,0,0,0,0
79941,0,235,4,1,4,0,0,0,0,0
79942,1,180,14,1,14,0,0,1,0,0
79943,1,247,4,11,60,2,2,1,3,3
79944,0,174,4,1,4,0,0,0,1,0
79945,1,131,6,1,6,0,0,1,0,0
79946,0,72,10,2,12,0,1,0,1,0
79947,1,257,20,1,20,0,1,0,0,0
79948,0,300,6,1,6,0,0,0,0,1
79949,1,228,34,1,34,0,0,1,0,0
79950,1,402,2,12,32,2,1,5,0,2
79951,1,279,10,1,10,0,0,1,0,0
79952,1,110,14,3,24,2,1,0,0,0
79953,1,194,22,1,22,0,1,0,0,0
79954,0,287,8,1,8,0,0,1,0,0
79955,0,215,4,2,12,2,0,0,0,0
79956,1,238,8,2,14,1,0,0,0,0
79957,1,369,34,5,48,0,1,3,0,1
79958,1,271,10,12,52,2,1,2,4,1
79959,1,55,20,2,24,0,0,1,1,0
79960,0,198,26,1,26,1,0,0,0,0
79961,0,84,4,2,6,0,1,0,1,0
79962,1,276,12,2,16,1,1,0,0,0
79963,1,255,10,2,14,1,0,1,0,0
79964,0,224,6,10,46,2,2,3,0,2
79965,1,147,10,1,10,1,0,0,0,0
79966,0,230,6,4,28,1,1,1,1,0
79967,0,230,24,2,30,0,0,1,1,0
79968,1,399,10,10,54,2,1,5,0,0
79969,0,147,12,1,12,0,0,1,0,0
79970,1,242,16,4,34,1,0,1,0,1
79971,1,276,16,2,18,1,0,0,1,0
79972,1,49,6,2,14,0,0,1,1,0
79973,1,196,8,1,8,0,0,0,1,0
79974,0,253,16,1,16,0,0,0,0,1
79975,0,450,30,11,54,3,1,2,1,3
79976,1,256,28,2,34,1,0,1,0,0
79977,1,261,8,1,8,1,0,0,0,0
79978,1,74,14,2,20,1,0,0,1,0
79979,0,171,6,2,14,1,1,0,0,0
79980,0,63,16,2,24,0,0,1,1,0
79981,1,130,24,2,26,0,0,1,1,0
79982,1,56,22,2,28,0,0,1,1,0
79983,1,35,10,1,10,0,0,0,1,0
79984,1,30,16,1,16,0,0,1,0,0
79985,1,21,16,1,16,1,0,0,0,0
79986,1,159,12,3,18,1,0,1,1,0
79987,1,259,8,1,8,1,0,0,0,0
79988,1,291,6,1,6,0,0,1,0,0
79989,1,234,12,6,46,3,1,2,0,0
79990,1,135,14,2,22,0,0,0,0,0
79991,0,241,14,1,14,1,0,0,0,0
79992,0,306,18,12,56,6,2,1,0,3
79993,1,275,10,2,12,1,0,1,0,0
79994,1,190,2,1,2,1,0,0,0,0
79995,0,269,6,1,6,1,0,0,0,0
79996,1,207,14,1,14,0,0,0,1,0
79997,1,180,14,4,22,2,1,0,0,0
79998,1,72,32,1,32,0,1,0,0,0
79999,0,114,14,2,16,1,0,0,1,0
80000,1,79,8,2,14,0,1,1,0,0
80001,1,281,12,3,18,1,2,0,0,0
80002,1,187,28,6,54,1,0,2,1,2
80003,0,184,18,11,80,1,2,3,1,1
80004,1,162,6,10,64,3,2,2,1,1
80005,1,338,14,8,36,2,1,1,0,2
80006,0,176,24,2,30,0,0,0,1,1
80007,0,174,2,6,34,1,0,1,2,0
80008,1,168,14,7,38,1,0,2,2,0
80009,0,221,10,12,34,4,3,2,2,1
80010,1,110,16,4,32,0,0,3,0,0
80011,1,244,34,1,34,0,0,0,0,1
80012,1,196,14,1,14,0,0,0,0,0
80013,1,30,2,1,2,0,1,0,0,0
80014,0,146,12,2,14,1,0,0,0,0
80015,1,201,10,1,10,0,1,0,0,0
80016,1,108,16,2,22,0,1,0,0,1
80017,1,95,14,1,14,0,0,0,0,1
80018,1,226,20,4,34,0,0,1,0,1
80019,1,139,10,5,20,0,1,4,0,0
80020,1,94,6,2,12,1,0,1,0,0
80021,0,295,16,2,18,0,1,1,0,0
80022,1,243,4,2,12,2,0,0,0,0
80023,1,196,26,2,34,1,0,0,0,0
80024,1,80,6,1,6,0,0,1,0,0
80025,1,228,16,2,22,1,0,0,0,1
80026,1,164,12,1,12,0,0,0,1,0
80027,0,148,12,1,12,0,1,0,0,0
80028,0,240,8,2,10,0,1,0,0,1
80029,1,278,6,2,12,0,0,1,1,0
80030,1,152,12,8,38,3,0,4,0,1
80031,1,32,12,2,20,0,0,2,0,0
80032,1,296,10,4,18,1,0,0,1,1
80033,0,180,16,1,16,0,0,0,0,0
80034,0,116,2,1,2,0,0,1,0,0
80035,0,431,6,9,30,1,1,3,1,2
80036,1,398,8,9,58,2,3,1,2,0
80037,0,288,16,1,16,0,0,1,0,0
80038,0,191,12,2,16,1,1,0,0,0
80039,1,78,8,3,16,0,0,1,1,0
80040,1,112,12,1,12,1,0,0,0,0
80041,0,221,30,5,50,0,2,1,0,0
80042,0,234,4,4,12,2,0,2,0,0
80043,1,114,14,1,14,0,0,1,0,0
80044,1,234,30,1,30,1,0,0,0,0
80045,0,294,14,2,18,1,0,1,0,0
80046,1,277,12,5,26,1,2,0,1,0
80047,1,44,12,1,12,0,0,1,0,0
80048,0,379,14,8,46,2,1,1,2,1
80049,1,91,8,6,34,3,0,3,0,0
80050,1,259,10,1,10,0,0,1,0,0
80051,1,290,10,2,14,0,0,1,0,1
80052,1,163,34,2,40,0,0,2,0,0
80053,1,158,30,2,34,0,0,0,0,1
80054,1,235,14,10,38,1,1,3,1,3
80055,1,91,14,2,20,0,0,1,1,0
80056,1,313,10,1,10,1,0,0,0,0
80057,1,429,10,10,38,4,0,2,2,1
80058,0,231,10,2,16,0,0,1,1,0
80059,1,140,10,1,10,1,0,0,0,0
80060,1,256,12,2,18,0,1,1,0,0
80061,0,89,36,1,36,1,0,0,0,0
80062,1,393,22,10,48,1,0,2,4,2
80063,1,190,2,12,72,5,1,1,3,1
80064,1,138,10,5,38,1,0,1,2,0
80065,1,328,8,2,16,0,0,1,1,0
80066,1,149,4,1,4,0,0,1,0,0
80067,0,96,10,3,22,0,0,1,0,0
80068,1,172,4,2,6,0,0,1,1,0
80069,0,257,26,2,30,1,0,0,1,0
80070,0,178,24,1,24,1,0,0,0,0
80071,0,275,18,1,18,1,0,0,0,0
80072,0,215,12,2,16,0,0,0,2,0
80073,0,152,6,2,8,0,0,2,0,0
80074,0,143,16,1,16,0,0,1,0,0
80075,1,37,34,1,34,0,0,0,0,0
80076,0,190,8,4,28,2,1,1,0,0
80077,1,56,10,1,10,0,0,0,0,0
80078,1,98,10,2,14,0,1,1,0,0
80079,1,194,16,6,42,0,1,1,2,1
80080,1,74,8,1,8,0,1,0,0,0
80081,1,54,28,2,34,0,0,1,0,1
80082,1,267,14,2,22,0,0,1,1,0
80083,1,192,2,2,4,1,0,0,0,1
80084,1,178,6,2,14,0,2,0,0,0
80085,1,272,10,1,10,0,1,0,0,0
80086,1,339,12,4,26,2,0,0,2,0
80087,0,42,18,2,24,1,0,1,0,0
80088,1,183,6,1,6,0,0,0,0,0
80089,1,345,16,11,60,3,1,3,2,1
80090,1,356,10,9,62,3,1,1,0,3
80091,1,120,10,1,10,0,0,0,1,0
80092,0,283,10,2,18,1,0,1,0,0
80093,1,243,2,1,2,0,0,0,0,0
80094,1,171,34,2,38,1,0,0,1,0
80095,0,33,2,1,2,1,0,0,0,0
80096,1,61,4,1,4,1,0,0,0,0
80097,1,86,10,5,36,1,0,1,1,1
80098,0,263,18,8,36,0,2,5,1,0
80099,0,153,32,2,40,1,1,0,0,0
80100,1,136,16,1,16,0,0,0,0,1
80101,1,250,30,2,34,1,0,1,0,0
80102,1,343,16,5,34,2,0,3,0,0
80103,1,192,14,1,14,0,0,1,0,0
80104,1,135,12,2,14,1,1,0,0,0
80105,1,192,14,5,28,2,0,1,1,0
80106,0,94,6,2,10,1,0,0,1,0
80107,0,225,30,2,34,0,0,1,0,0
80108,0,329,30,12,96,2,1,3,1,1
80109,1,194,22,5,48,1,2,2,0,0
80110,0,247,8,1,8,0,0,0,1,0
80111,1,301,28,2,34,1,0,0,0,0
80112,1,173,14,11,56,1,0,6,2,0
80113,1,275,6,2,10,0,0,1,0,0
80114,1,73,8,3,24,2,1,0,0,0
80115,0,167,18,2,24,0,1,0,0,0
80116,1,303,12,10,50,4,2,1,1,0
80117,1,290,10,2,16,0,0,1,0,0
80118,1,254,2,3,12,0,0,2,1,0
80119,0,95,12,2,14,0,0,0,1,1
80120,1,199,10,7,40,2,2,0,1,0
80121,0,24,16,1,16,0,0,0,0,1
80122,1,218,12,2,20,0,0,1,0,0
80123,1,37,26,1,26,0,0,0,1,0
80124,0,202,14,9,34,0,2,4,2,0
80125,1,129,10,1,10,0,1,0,0,0
80126,1,16,12,1,12,0,1,0,0,0
80127,1,175,22,1,22,1,0,0,0,0
80128,1,244,18,1,18,0,0,1,0,0
80129,0,130,4,1,4,0,1,0,0,0
80130,0,293,14,1,14,0,0,0,1,0
80131,1,112,2,7,40,4,0,1,0,0
80132,0,271,12,2,18,0,0,2,0,0
80133,1,272,10,3,16,1,1,1,0,0
80134,1,286,14,2,18,0,0,1,1,0
80135,0,43,12,1,12,0,1,0,0,0
80136,1,225,10,1,10,1,0,0,0,0
80137,1,254,12,2,16,0,0,1,0,0
80138,1,240,16,2,22,0,0,1,0,1
80139,1,206,8,5,26,3,0,2,0,0
80140,1,40,36,1,36,0,0,1,0,0
80141,1,202,16,2,24,1,1,0,0,0
80142,1,142,16,1,16,0,1,0,0,0
80143,1,32,22,2,24,0,0,1,0,0
80144,1,134,4,6,24,1,2,2,1,0
80145,0,157,14,2,18,1,1,0,0,0
80146,1,67,16,1,16,0,0,0,0,0
80147,0,310,12,1,12,0,0,0,0,0
80148,1,312,16,2,22,0,0,2,0,0
80149,0,252,2,9,48,3,2,1,2,1
80150,1,51,24,1,24,0,0,0,0,1
80151,1,314,6,1,6,1,0,0,0,0
80152,1,197,2,5,18,1,1,2,0,0
80153,1,366,16,8,58,4,1,0,1,0
80154,1,95,4,5,20,0,0,3,2,0
80155,0,134,8,1,8,0,0,1,0,0
80156,1,254,32,5,60,2,2,0,1,0
80157,1,295,12,1,12,0,0,1,0,0
80158,1,287,16,1,16,0,0,0,0,0
80159,1,212,12,7,46,2,0,4,0,1
80160,1,77,10,1,10,0,0,0,0,0
80161,1,35,24,1,24,1,0,0,0,0
80162,0,53,26,1,26,0,0,0,1,0
80163,1,254,10,1,10,0,1,0,0,0
80164,1,203,14,1,14,0,0,1,0,0
80165,1,265,12,2,16,1,0,0,1,0
80166,0,230,26,1,26,0,0,0,1,0
80167,1,32,16,1,16,1,0,0,0,0
80168,1,211,24,10,60,1,1,4,0,1
80169,1,79,20,2,22,1,0,1,0,0
80170,1,181,10,3,16,1,0,2,0,0
80171,1,177,14,4,26,1,0,3,0,0
80172,0,123,10,1,10,0,0,1,0,0
80173,1,201,12,2,14,1,0,1,0,0
80174,1,127,14,2,22,1,1,0,0,0
80175,1,164,16,2,18,1,1,0,0,0
80176,1,133,8,4,26,0,1,1,1,0
80177,0,195,6,8,40,3,2,0,2,0
80178,0,255,8,2,12,0,0,1,0,0
80179,0,297,30,1,30,1,0,0,0,0
80180,0,312,6,1,6,1,0,0,0,0
80181,0,189,8,1,8,1,0,0,0,0
80182,1,179,8,2,14,0,0,0,1,0
80183,0,299,30,3,36,0,1,0,1,1
80184,1,316,2,2,6,0,0,1,1,0
80185,0,180,6,1,6,1,0,0,0,0
80186,1,230,32,1,32,0,0,1,0,0
80187,1,238,12,2,16,0,0,0,0,0
80188,0,222,16,1,16,0,0,0,0,0
80189,0,133,14,1,14,0,0,1,0,0
80190,1,126,14,1,14,0,0,0,1,0
80191,1,325,30,2,32,0,0,1,1,0
80192,1,73,32,2,40,0,0,0,0,1
80193,1,182,16,2,22,1,0,0,0,1
80194,1,135,10,1,10,0,0,0,1,0
80195,0,148,6,1,6,0,0,1,0,0
80196,0,206,14,3,22,0,0,2,1,0
80197,1,64,16,2,22,0,0,1,0,0
80198,0,206,2,1,2,0,0,0,0,0
80199,1,429,12,9,60,5,0,1,2,0
80200,1,269,16,1,16,1,0,0,0,0
80201,1,109,26,6,42,1,1,0,2,0
80202,1,33,4,2,8,0,1,1,0,0
80203,1,105,4,1,4,0,0,0,0,0
80204,1,191,2,2,6,1,1,0,0,0
80205,1,125,12,3,24,1,0,0,1,0
80206,1,50,12,2,18,1,0,1,0,0
80207,1,359,4,7,24,2,1,3,1,0
80208,1,145,16,2,22,0,0,1,1,0
80209,0,115,20,1,20,1,0,0,0,0
80210,0,275,18,8,64,2,0,2,1,0
80211,1,147,18,9,54,4,1,2,1,1
80212,1,58,16,2,18,1,0,1,0,0
80213,1,227,14,8,34,1,1,2,2,0
80214,0,111,4,4,14,1,0,2,0,0
80215,1,176,16,1,16,0,0,1,0,0
80216,1,265,28,1,28,0,0,0,1,0
80217,1,288,8,1,8,1,0,0,0,0
80218,1,144,14,1,14,0,1,0,0,0
80219,1,144,4,1,4,0,0,1,0,0
80220,0,54,10,1,10,0,0,1,0,0
80221,0,113,8,2,16,2,0,0,0,0
80222,0,168,30,1,30,0,0,1,0,0
80223,0,242,2,1,2,0,0,0,1,0
80224,0,195,6,1,6,0,0,0,1,0
80225,1,155,2,1,2,1,0,0,0,0
80226,1,306,8,1,8,0,0,1,0,0
80227,1,144,14,2,18,1,0,0,1,0
80228,1,185,18,8,46,2,1,4,1,0
80229,0,401,10,10,56,1,2,2,2,1
80230,1,115,28,1,28,0,0,0,0,1
80231,1,70,12,2,18,0,0,0,1,0
80232,1,256,14,12,54,2,1,2,3,2
80233,0,254,6,2,8,2,0,0,0,0
80234,1,71,30,3,36,1,0,2,0,0
80235,1,268,12,2,18,0,0,0,1,0
80236,0,250,16,1,16,0,0,0,1,0
80237,1,257,32,2,38,1,0,0,1,0
80238,1,321,30,11,88,3,0,5,0,3
80239,0,237,22,4,42,1,0,1,1,1
80240,1,168,8,1,8,1,0,0,0,0
80241,1,237,34,1,34,0,0,0,0,1
80242,0,149,6,1,6,0,0,0,1,0
80243,1,276,10,5,20,2,0,0,1,1
80244,1,129,14,2,22,0,0,1,0,0
80245,1,343,16,4,26,1,1,1,0,0
80246,1,196,18,1,18,1,0,0,0,0
80247,0,251,20,1,20,0,0,1,0,0
80248,1,320,8,10,54,2,0,5,2,1
80249,1,184,32,2,38,2,0,0,0,0
80250,1,129,30,2,32,1,0,0,1,0
80251,1,309,12,2,18,0,0,0,0,1
80252,1,315,34,4,48,0,0,2,1,0
80253,0,77,6,2,10,0,1,0,0,0
80254,1,312,16,2,20,1,1,0,0,0
80255,0,104,12,1,12,0,0,0,0,0
80256,1,45,10,2,16,0,0,0,0,1
80257,1,202,2,1,2,0,0,0,0,1
80258,0,179,8,1,8,1,0,0,0,0
80259,1,64,6,1,6,0,0,1,0,0
80260,1,220,14,11,78,4,1,1,3,1
80261,1,167,14,7,36,2,0,2,1,1
80262,1,140,16,1,16,0,0,0,0,1
80263,1,62,8,1,8,0,1,0,0,0
80264,1,96,10,1,10,0,0,0,0,0
80265,0,414,22,8,56,1,2,3,1,0
80266,1,67,16,2,24,1,1,0,0,0
80267,1,242,16,6,42,3,0,0,1,0
80268,1,137,16,5,38,2,0,2,1,0
80269,0,17,16,1,16,0,1,0,0,0
80270,1,224,2,2,8,2,0,0,0,0
80271,1,206,16,2,24,0,0,1,0,0
80272,1,296,30,7,62,0,0,2,1,0
80273,1,100,2,2,8,1,0,1,0,0
80274,1,177,14,1,14,1,0,0,0,0
80275,0,309,12,2,20,0,1,0,0,0
80276,1,348,34,10,64,4,1,1,0,1
80277,1,355,6,12,64,4,1,3,2,1
80278,1,301,12,1,12,1,0,0,0,0
80279,1,142,16,6,34,4,0,1,0,0
80280,1,38,6,2,10,1,0,0,1,0
80281,1,72,18,2,20,0,0,1,1,0
80282,0,147,2,9,44,1,2,3,1,0
80283,1,310,10,11,66,3,0,4,1,1
80284,1,63,16,1,16,0,0,1,0,0
80285,1,137,36,5,56,1,0,4,0,0
80286,1,290,4,1,4,0,0,0,1,0
80287,1,86,4,2,12,1,0,1,0,0
80288,1,143,14,1,14,1,0,0,0,0
80289,1,169,12,2,18,2,0,0,0,0
80290,1,67,18,1,18,0,0,0,0,1
80291,1,288,12,2,16,0,1,0,0,1
80292,1,327,10,2,12,1,0,0,0,0
80293,1,234,6,1,6,0,0,1,0,0
80294,1,321,14,2,16,1,0,0,1,0
80295,0,313,30,3,46,0,0,1,0,2
80296,1,20,34,1,34,1,0,0,0,0
80297,1,87,34,2,36,0,0,1,0,1
80298,1,156,10,1,10,1,0,0,0,0
80299,1,237,10,1,10,1,0,0,0,0
80300,1,176,10,3,20,0,0,3,0,0
80301,0,171,10,3,26,0,0,0,0,1
80302,0,267,16,2,20,1,1,0,0,0
80303,0,203,14,2,20,0,0,0,1,0
80304,0,320,16,4,26,1,0,0,1,2
80305,0,163,26,1,26,0,0,1,0,0
80306,1,75,28,1,28,0,0,0,0,0
80307,0,68,16,2,22,0,1,0,1,0
80308,1,130,24,2,32,1,0,1,0,0
80309,1,404,14,7,46,0,0,5,0,0
80310,0,268,30,10,54,3,0,1,4,0
80311,1,195,2,2,8,1,0,0,1,0
80312,1,222,12,2,18,1,1,0,0,0
80313,1,406,14,9,38,2,2,1,1,1
80314,1,161,10,9,30,2,3,2,2,0
80315,1,108,16,2,22,1,1,0,0,0
80316,0,43,20,2,26,1,0,0,0,0
80317,1,249,10,2,14,0,1,0,0,0
80318,0,54,10,1,10,1,0,0,0,0
80319,1,264,16,2,22,0,1,1,0,0
80320,0,234,6,2,10,0,0,1,0,1
80321,1,122,16,2,18,0,0,0,0,1
80322,0,106,14,2,22,2,0,0,0,0
80323,1,171,8,1,8,1,0,0,0,0
80324,1,240,10,1,10,0,0,0,1,0
80325,1,311,32,1,32,0,0,1,0,0
80326,0,423,8,12,44,3,0,5,1,0
80327,0,283,10,2,14,2,0,0,0,0
80328,1,227,14,1,14,0,0,0,1,0
80329,0,180,10,1,10,0,0,1,0,0
80330,1,197,6,1,6,1,0,0,0,0
80331,1,74,12,1,12,0,0,1,0,0
80332,1,159,6,1,6,0,0,0,1,0
80333,1,312,8,1,8,0,1,0,0,0
80334,1,280,16,2,22,1,0,0,0,0
80335,1,33,18,2,24,1,1,0,0,0
80336,1,332,10,8,42,2,3,1,1,0
80337,1,267,16,11,52,2,1,2,4,1
80338,1,245,8,2,12,1,1,0,0,0
80339,0,222,26,3,34,1,1,1,0,0
80340,1,69,12,2,16,0,0,1,1,0
80341,1,236,6,1,6,1,0,0,0,0
80342,1,70,14,2,22,0,0,1,0,0
80343,0,114,28,1,28,0,0,0,0,0
80344,1,45,18,1,18,0,0,1,0,0
80345,1,135,8,1,8,0,0,1,0,0
80346,1,69,12,3,24,1,0,1,0,1
80347,1,17,6,1,6,1,0,0,0,0
80348,1,166,6,3,20,0,0,1,0,0
80349,1,280,24,1,24,0,1,0,0,0
80350,1,273,18,2,20,1,0,1,0,0
80351,0,355,12,9,66,6,1,0,0,0
80352,0,225,12,1,12,0,0,0,0,0
80353,1,303,34,1,34,0,0,0,0,0
80354,1,286,12,1,12,0,0,0,1,0
80355,0,184,6,1,6,1,0,0,0,0
80356,1,115,12,2,18,2,0,0,0,0
80357,0,174,2,2,6,0,0,0,1,0
80358,1,155,12,1,12,0,0,0,0,0
80359,0,192,12,1,12,0,0,1,0,0
80360,0,102,10,1,10,0,0,1,0,0
80361,0,34,12,1,12,1,0,0,0,0
80362,1,45,10,2,14,1,0,0,0,1
80363,0,96,10,2,14,0,0,1,1,0
80364,1,289,10,2,16,0,0,0,1,0
80365,1,303,16,2,20,1,0,1,0,0
80366,1,185,6,12,56,2,0,2,3,2
80367,1,235,32,1,32,1,0,0,0,0
80368,1,74,10,1,10,1,0,0,0,0
80369,1,222,12,1,12,0,0,0,1,0
80370,1,187,12,2,16,1,0,0,0,1
80371,0,233,24,2,26,2,0,0,0,0
80372,0,52,14,2,16,0,0,1,0,0
80373,0,305,4,2,10,0,0,0,1,1
80374,1,263,8,1,8,0,0,1,0,0
80375,1,43,6,2,14,0,0,0,0,0
80376,1,322,4,2,6,0,0,1,1,0
80377,1,287,14,1,14,0,0,1,0,0
80378,1,111,2,1,2,0,0,1,0,0
80379,1,262,10,9,50,1,1,2,0,1
80380,0,251,12,1,12,0,0,0,0,1
80381,0,282,16,1,16,0,0,0,1,0
80382,1,239,12,5,40,1,1,2,0,1
80383,0,69,12,4,30,1,0,1,0,0
80384,0,38,12,2,20,1,0,0,1,0
80385,1,35,16,2,20,1,1,0,0,0
80386,1,217,6,1,6,0,0,1,0,0
80387,0,328,12,8,58,4,1,2,0,0
80388,0,126,14,2,22,0,0,1,1,0
80389,1,211,20,9,48,2,0,4,0,3
80390,1,190,16,2,22,0,2,0,0,0
80391,1,256,10,2,18,0,1,1,0,0
80392,0,91,34,1,34,0,0,0,0,0
80393,1,327,24,4,42,0,0,1,0,1
80394,0,184,12,10,48,3,0,3,2,2
80395,0,31,6,1,6,0,1,0,0,0
80396,1,320,12,5,26,1,1,1,1,1
80397,1,85,16,4,34,1,0,0,1,1
80398,0,295,30,2,34,1,0,0,0,0
80399,1,102,16,2,18,0,0,0,2,0
80400,0,364,14,5,28,1,0,2,0,1
80401,1,188,12,4,36,0,1,3,0,0
80402,0,233,2,1,2,0,0,1,0,0
80403,1,421,12,9,44,4,1,0,0,2
80404,1,270,2,1,2,0,0,0,0,1
80405,1,87,24,1,24,0,0,1,0,0
80406,1,286,8,8,54,4,1,0,1,1
80407,1,225,18,1,18,1,0,0,0,0
80408,1,138,14,1,14,1,0,0,0,0
80409,1,117,6,1,6,0,1,0,0,0
80410,1,237,8,6,38,2,0,2,1,0
80411,1,384,30,12,76,6,2,2,0,1
80412,1,238,12,2,20,0,0,1,0,0
80413,1,48,12,1,12,0,0,0,0,0
80414,1,258,10,8,54,2,0,2,4,0
80415,1,58,36,1,36,1,0,0,0,0
80416,1,300,8,1,8,0,1,0,0,0
80417,1,157,14,1,14,0,0,1,0,0
80418,1,249,14,2,18,1,0,0,1,0
80419,1,274,32,12,62,2,0,6,0,0
80420,1,364,8,10,56,1,3,6,0,0
80421,1,35,14,1,14,0,0,0,0,1
80422,1,276,12,1,12,0,0,0,0,0
80423,1,144,16,2,20,0,1,0,0,1
80424,1,188,8,2,10,2,0,0,0,0
80425,0,289,6,2,8,0,0,2,0,0
80426,1,242,20,2,24,0,0,0,1,0
80427,1,270,14,1,14,0,0,1,0,0
80428,1,242,26,12,78,4,1,2,2,1
80429,0,283,10,2,14,1,0,1,0,0
80430,1,315,22,2,28,0,1,0,1,0
80431,1,88,8,2,12,0,0,1,0,0
80432,0,192,34,4,44,1,0,1,1,0
80433,0,350,30,4,50,1,0,2,0,1
80434,1,257,12,2,14,0,0,0,0,1
80435,1,321,20,5,42,1,2,0,1,1
80436,0,179,16,2,24,0,1,1,0,0
80437,0,41,16,1,16,0,0,0,0,0
80438,1,65,26,3,42,1,0,1,0,0
80439,0,277,16,1,16,0,0,1,0,0
80440,0,170,16,2,22,1,0,1,0,0
80441,1,175,14,1,14,0,0,1,0,0
